libsizes,x_xmap_y_mean,x_xmap_y_sig,x_xmap_y_upper,x_xmap_y_lower,y_xmap_x_mean,y_xmap_x_sig,y_xmap_x_upper,y_xmap_x_lower,x,y
100,0.014923175733796699,0.5444322987878276,0.06310591883562071,-0.033328973231041045,0.0860220717241133,4.6492103111628325e-4,0.1336955722510272,0.037951358482546646,elev,ndvi
200,0.035791820961197575,0.14591407301401316,0.08387519932137165,-0.012457844968647764,0.1363502975155127,2.640555063493366e-8,0.18337261463158608,0.08870545634491148,elev,ndvi
300,0.0698217367747537,0.0045225650461095945,0.11765371424173368,0.021666534574711876,0.16956356741022,4.006572851267265e-12,0.21602513176496674,0.1223358364401718,elev,ndvi
400,0.11271696543246917,4.378973179397505e-6,0.16007493845984708,0.06484128971821293,0.20451521645726467,0,0.2502748191102098,0.15784393164574745,elev,ndvi
500,0.15833306263112495,9.709499870780292e-11,0.2049958527586786,0.11095214416299723,0.23821350019359588,0,0.2831882257054879,0.19219337127306824,elev,ndvi
600,0.20293780062836095,0,0.24873154764187608,0.1562387977488253,0.2727249167864563,0,0.3167863802918787,0.22748892190538203,elev,ndvi
700,0.24995711266456863,0,0.29463347588654587,0.20419046143542902,0.3079252252604757,0,0.3509416687506405,0.2636118760560237,elev,ndvi
800,0.29707561468245347,0,0.34042634809516314,0.25246461742591414,0.34490069235659687,0,0.3866965716087756,0.3016908339286739,elev,ndvi
900,0.3461268949076916,0,0.3878801483710182,0.30295599717056926,0.37789183718067026,0,0.41849295268986614,0.33578333655501413,elev,ndvi
1000,0.3957854845592228,0,0.435697057907511,0.3543205968105814,0.410444376817944,0,0.4497693638152661,0.3695310746762448,elev,ndvi
1100,0.44634154537033655,0,0.4841478283497427,0.4068718006800272,0.44028242293564274,0,0.4783532264020635,0.40055975191317983,elev,ndvi
1200,0.4936185079598037,0,0.5292472438722411,0.45625202500986367,0.4635009777774071,0,0.5005401645603915,0.4247679950703061,elev,ndvi
1300,0.5314917480120861,0,0.5652314064480036,0.4959768977670698,0.48435786403498204,0,0.5204289665963907,0.44656123419518695,elev,ndvi
1400,0.5646017997788533,0,0.5965851233166118,0.5308279270674257,0.5024730334624546,0,0.5376716103360383,0.46552612986497505,elev,ndvi
1500,0.5917029304385958,0,0.6221762084662606,0.5594393466132398,0.518659851296359,0,0.553053916035288,0.48250097449568147,elev,ndvi
1600,0.6139542498190897,0,0.6431391356721119,0.5829883047974944,0.5344158630857605,0,0.5680043406224409,0.4990501679732981,elev,ndvi
100,0.18992372867032645,7.105427357601002e-15,0.23599029642287978,0.14300545020088118,0.20830401876043347,0,0.25398066013106013,0.16170031801186668,elev,bio
200,0.22603421966733017,0,0.2713048289604888,0.1797657229113726,0.23554678184942918,0,0.28058747298079695,0.18947100875583345,elev,bio
300,0.24611943174518044,0,0.2908947057777629,0.20026843404365594,0.2545075173421604,0,0.2990648286654151,0.2088427818518946,elev,bio
400,0.2594289749192662,0,0.3038553642139389,0.21387679331524276,0.2765979011554738,0,0.32054998731395534,0.23145733611309097,elev,bio
500,0.273233334525451,0,0.31728051888038683,0.22800978133140765,0.29885766159444155,0,0.342154232504594,0.25429474058650975,elev,bio
600,0.2885194292536554,0,0.3321261347799253,0.24368204530410958,0.3207662223424594,0,0.3633730159623132,0.27682046375343755,elev,bio
700,0.3091998591163199,0,0.3521763178217053,0.26492225555346527,0.3495145177299664,0,0.39114929363258827,0.3064520475591325,elev,bio
800,0.32910359735396344,0,0.37143629911424375,0.28540540800322295,0.3765444671801626,0,0.417196323698343,0.3343888225167242,elev,bio
900,0.3448167401649223,0,0.38661553276339455,0.30160421985160507,0.40345218563802876,0,0.44305940484886697,0.36227304505513835,elev,bio
1000,0.35522725637704283,0,0.39665985807232274,0.3123502663394619,0.42908431947809345,0,0.46763526128516675,0.38890411952792897,elev,bio
1100,0.3659345586811155,0,0.4069801909449727,0.32341412312028656,0.45543515654761807,0,0.49283822488585155,0.41635208543098057,elev,bio
1200,0.3752534234233959,0,0.41595374446072925,0.3330527787210133,0.48181600407813774,0,0.5180071809036606,0.44390285767819637,elev,bio
1300,0.38223915176728507,0,0.42267542225630494,0.3402840212134456,0.507161244541952,0,0.5421292210934892,0.47043978345809767,elev,bio
1400,0.3885311926375752,0,0.4287258273940606,0.34680144695181536,0.5294864493731846,0,0.5633293437666835,0.49386982575267424,elev,bio
1500,0.3937238743685908,0,0.4337163783493473,0.3521831706644342,0.5458459593834137,0,0.5788361734962617,0.511071839202346,elev,bio
1600,0.39795180274833786,0,0.43777791865211146,0.3565670485336287,0.5615580972985396,0,0.59370694433954,0.5276194071296861,elev,bio
100,0.09180340326582367,1.8667422653040333e-4,0.139414306643286,0.04376902952857478,0.0715575317742055,0.0036146207600336044,0.11937372404888084,0.02341016077862606,elev,sm
200,0.13838070242655484,1.6290313098465958e-8,0.18537172146892256,0.09075824754752941,0.11272334073260495,4.373489253417517e-6,0.16008123033649424,0.06484771991239714,elev,sm
300,0.16371368747179763,2.1672441619102756e-11,0.2102815478705015,0.11640461137923577,0.13686325102295854,2.3387746184155844e-8,0.1838776978357414,0.08922402723095858,elev,sm
400,0.1961783674534528,8.881784197001252e-16,0.24211579349673729,0.14936338096959356,0.1587452158500962,8.671330320453308e-11,0.20540083068778284,0.11136969962161168,elev,sm
500,0.22969534343496387,0,0.2748784607118684,0.1834999547958778,0.180137052694244,1.6253665080512292e-13,0.22639833815992022,0.1330649164323859,elev,sm
600,0.25857975908066233,0,0.3030288998058289,0.21300798313236402,0.20151354484030704,0,0.24733792117129189,0.15478972705809205,elev,sm
700,0.2859697202271934,0,0.3296513976311386,0.241066295353709,0.22526888980953116,0,0.27055763087401874,0.17898527883749726,elev,sm
800,0.3163578148377901,0,0.35910695380085644,0.2722839869788503,0.2559160092819109,0,0.30043608094989344,0.210283238905676,elev,sm
900,0.3481156358462621,0,0.3897994631059387,0.3050082508647103,0.2878519718158298,0,0.3314783613250235,0.24299723677826365,elev,sm
1000,0.38261073163839077,0,0.4230328323740163,0.34066879934478855,0.32067109268579846,0,0.36328097685457256,0.27672254978788036,elev,sm
1100,0.4178191674224804,0,0.45684167217168453,0.37719166319643965,0.3524736574309899,0,0.3940040819124586,0.3095068513039453,elev,sm
1200,0.4532836452046643,0,0.49078278615269005,0.4141083209467287,0.3822036288803446,0,0.42264125333340563,0.34024723731389495,elev,sm
1300,0.4857719413689042,0,0.5217759935376184,0.4480404204785506,0.4100153146839672,0,0.44935774811001244,0.36908555606902493,elev,sm
1400,0.5201700059596044,0,0.5544878185965777,0.48408603482135526,0.435254642700581,0,0.47354242365899485,0.39532495735690343,elev,sm
1500,0.5558794285106397,0,0.5883348946258266,0.5216358241560558,0.4562632447147601,0,0.4936292247448506,0.41721580749944787,elev,sm
1600,0.5833162641043272,0,0.6142637902143644,0.5505770863826487,0.4741301760692408,0,0.5106808904382744,0.43586877596722734,elev,sm
100,0.39927569195593676,0,0.43904937274719447,0.35794014489916787,0.32156452602571445,0,0.36414535177950913,0.2776421686052519,elev,tem
200,0.5017864553973008,0,0.5370186379543351,0.4648067274024397,0.3610376236742029,0,0.4022615346172157,0.3183526765206701,elev,tem
300,0.5372467511147969,0,0.5706881414418629,0.5020263035168422,0.3764011282445157,0,0.4170583730661286,0.3342404790613776,elev,tem
400,0.5620152711657546,0,0.594139308551026,0.5281012753146992,0.3883425955092733,0,0.42854452543747146,0.34660603555438046,elev,tem
500,0.5778548822357907,0,0.6091078899232866,0.5448099634410186,0.3993342792560451,0,0.43910563590684654,0.35800091394040895,elev,tem
600,0.5915797648455255,0,0.622060052649932,0.5593091431117738,0.4129219252906971,0,0.45214584408865166,0.37210401628967266,elev,tem
700,0.602095504267746,0,0.6319724748321384,0.5704315096656635,0.42699723854895494,0,0.4656364135413419,0.3867331863762614,elev,tem
800,0.6145826532768784,0,0.6437305189631238,0.583654111366468,0.44088988346792846,0,0.47893431685555915,0.4011923997115382,elev,tem
900,0.6280997190763399,0,0.6564428515729258,0.5979858000384645,0.45564396679117636,0,0.49303768879166837,0.4165698744479513,elev,tem
1000,0.6414454153603187,0,0.6689782444640169,0.6121547085145996,0.4712629378146818,0,0.5079464194234454,0.43287318074517933,elev,tem
1100,0.6538242772724779,0,0.680591521366247,0.6253139807034191,0.48922872560345193,0,0.5250681139563612,0.4516572368219999,elev,tem
1200,0.6637863850553994,0,0.6899277534945134,0.6359159253208091,0.5060757923304867,0,0.5410973343699377,0.4693019323718944,elev,tem
1300,0.6724296908736266,0,0.6980209981027972,0.6451228956564586,0.5236388053098013,0,0.557780696767951,0.4877277881072575,elev,tem
1400,0.6806027122948457,0,0.7056678778832767,0.6538362128580064,0.5393905799401999,0,0.5727201060001066,0.5042806833308335,elev,tem
1500,0.6875367630801386,0,0.7121509711542784,0.6612342252611818,0.5520380049687942,0,0.584699263075216,0.5175900459593132,elev,tem
1600,0.6940731082456588,0,0.71825838208080794,0.6682126086995583,0.5624930537701047,0,0.5945911432796741,0.528604888761685,elev,tem
100,0.16295125797742457,2.688649303195234e-11,0.20953273534660294,0.11563182844349483,0.0751966315856814,0.0022254488825543817,0.12297879877795895,0.027066629772626118,elev,pre
200,0.253943686427411,0,0.29851585350844573,0.20826621056863542,0.14991458520718148,9.167364645179532e-10,0.1967204373481011,0.10242698149563173,elev,pre
300,0.29778939401065924,0,0.341118468379322,0.2531976148510172,0.21196498087995294,0,0.25756018669189246,0.1654279364328867,elev,pre
400,0.33214483554060636,0,0.374375967731398,0.2885386989064207,0.2620948374977178,0,0.3064493710542859,0.21660463483582668,elev,pre
500,0.35885443216365337,0,0.4001571186464464,0.3160969251999845,0.3028425070981614,0,0.34601690578257754,0.2583882447319242,elev,pre
600,0.38441657966834103,0,0.4247696374656501,0.3425389899322557,0.33918305269878224,0,0.38117587257475943,0.29579353357508426,elev,pre
700,0.41865157132286457,0,0.45763962472472663,0.3780566748464025,0.3688026739981385,0,0.409742872248755,0.326379722501619,elev,pre
800,0.4510300531896129,0,0.4886293773523376,0.4117586091524051,0.4023398545706781,0,0.44199156253690647,0.36111888413591686,elev,pre
900,0.4850294366715096,0,0.5210687180912952,0.4472637025706727,0.4338988527979249,0,0.4722447526457076,0.39391378790559445,elev,pre
1000,0.5202973353313998,0,0.5546087094238833,0.48421969072386295,0.4629593780074046,0,0.5000231820990647,0.4242026779881322,elev,pre
1100,0.5595700068641979,0,0.5918265265782947,0.525524183655158,0.48911777310397353,0,0.5249624633338226,0.45154112858240614,elev,pre
1200,0.6007702996849754,0,0.6307238390210996,0.5690292174814593,0.5145204047171797,0,0.549122437161473,0.4781574198501205,elev,pre
1300,0.6368489753134625,0,0.664662651440661,0.6072726185451945,0.5391764386608313,0,0.5725171569511688,0.5040554778950717,elev,pre
1400,0.6725468224354412,0,0.6981306305125536,0.6452477203181171,0.5627419365169134,0,0.5948265014330492,0.5288672365576778,elev,pre
1500,0.70920667923184,0,0.7323845540780433,0.6843871126529776,0.5838080461615501,0,0.614727934868306,0.5510965529822637,elev,pre
1600,0.7393986222121804,0,0.7605072208263091,0.7167288956954957,0.6039885369861225,0,0.6337558613281817,0.5724349809779752,elev,pre
100,0.0822150031525763,8.23577289593036e-4,0.12992799000433974,0.034122138583785266,0.0734424384437771,0.002818881579164323,0.12124116451790125,0.025303903186355642,ndvi,bio
200,0.1166916352540585,1.978841649652452e-6,0.16399685152083965,0.06885095471768893,0.11573570753546146,2.401121160122699e-6,0.16305374862612623,0.0678864693006342,ndvi,bio
300,0.1475508320891126,1.6843766381668956e-9,0.19439565366073985,0.10003452679653164,0.1548546501554287,2.492028805534119e-10,0.20157736037713694,0.1074288050925269,ndvi,bio
400,0.16937856484389185,4.2301717684267715e-12,0.2158435400365007,0.12214820966393447,0.18437067182438402,4.263256414560601e-14,0.23054882580370428,0.13736393094176935,ndvi,bio
500,0.1888585781659751,9.992007221626409e-15,0.23494677352093696,0.14192309505314865,0.21378677496601814,0,0.25934099003202216,0.16728339610880416,ndvi,bio
600,0.20693014835389614,0,0.2526370275568377,0.1603017762122926,0.2597765313377322,0,0.30419358993068796,0.2142323898449864,ndvi,bio
700,0.2232705059259884,0,0.26860633431384257,0.17694770418952974,0.3083758442641901,0,0.3513781690976078,0.2640751134637497,ndvi,bio
800,0.24230812073552913,0,0.287180272010187,0.19637481000460127,0.354801343671651,0,0.3962491214374562,0.31191041110527024,ndvi,bio
900,0.26267603883015994,0,0.30701481921405094,0.21719944291121446,0.39738145983127365,0,0.43723011613566587,0.35597556184389395,ndvi,bio
1000,0.28105169141360264,0,0.32487628280629455,0.23602272502051191,0.4359758533501143,0,0.47423265031925416,0.3960757038938071,ndvi,bio
1100,0.29776052063756575,0,0.3410904720565874,0.25316796308531264,0.4688792587416291,0,0.5056725534550585,0.4303834373452487,ndvi,bio
1200,0.3155973127619222,0,0.3583708272575,0.2715015895558228,0.49821676817159194,0,0.5336229943549924,0.46106716480043525,ndvi,bio
1300,0.33157678527104417,0,0.37382695334837523,0.28795338385355734,0.5250245192656035,0,0.5590958334630458,0.4891829430549008,ndvi,bio
1400,0.34564734285446225,0,0.38741728311066914,0.30246118997286736,0.5478092280139177,0,0.5806955117149962,0.5131380885468659,ndvi,bio
1500,0.35681816345091555,0,0.3981939314306507,0.3139934153962515,0.5674910427419412,0,0.5993164817091325,0.533874519459202,ndvi,bio
1600,0.36633646372246326,0,0.4073673669097791,0.323829638152386,0.5848485928758722,0,0.6157099338552896,0.5521957601631318,ndvi,bio
100,0.32660497793057436,0,0.3690204919106011,0.28283185872786926,0.4223233972230633,0,0.4611587325536103,0.3818731832580854,ndvi,sm
200,0.3726295166633362,0,0.41342786818596294,0.3303379363228749,0.4791863613720441,0,0.515501148440839,0.44115337668604776,ndvi,sm
300,0.41956279751985903,0,0.4585130652961018,0.3790036777711509,0.5008912882802823,0,0.5361672228389935,0.4638688368424122,ndvi,sm
400,0.45813500513092026,0,0.49541692522085506,0.419168372582074,0.5275108856141716,0,0.5614551343304992,0.4917944066709725,ndvi,sm
500,0.4858814616775819,0,0.5218803133019991,0.4481549920963665,0.5460522931958933,0,0.5790316006583388,0.5112889770896111,ndvi,sm
600,0.5050207897205824,0,0.54009429353245475,0.468196117820032,0.557607984965155,0,0.5899704212342853,0.5234568382881124,ndvi,sm
700,0.5266076393818334,0,0.5605981122168944,0.4908456408292506,0.5683161266412092,0,0.6000963423620314,0.5347446980295056,ndvi,sm
800,0.5438605633442987,0,0.5769555303120464,0.5089827104280122,0.581522469372065,0,0.6125706224910352,0.5486825260603575,ndvi,sm
900,0.5606357877054808,0,0.5928346296241005,0.5266473453129671,0.5955048217690989,0,0.6257610613265059,0.5634592683159586,ndvi,sm
1000,0.5807320540977184,0,0.6118244569139427,0.5478478166158955,0.6107549890562265,0,0.6401278081477111,0.5795992660287768,ndvi,sm
1100,0.5955511602235198,0,0.6258047465760684,0.5635082735442657,0.625687309909331,0,0.6541752437095515,0.5954265915481626,ndvi,sm
1200,0.6086443737587919,0,0.6381406818668874,0.5773640403205764,0.6412063293420117,0,0.6687538125957038,0.6119007092109008,ndvi,sm
1300,0.6203607401312916,0,0.6491665789754596,0.5897780647648758,0.6549457346947913,0,0.6816429569168282,0.6265069405701423,ndvi,sm
1400,0.6317365181736389,0,0.6598603893313216,0.6018450656738505,0.6668512042281178,0,0.6927982751668045,0.6391797060820898,ndvi,sm
1500,0.6413483908228661,0,0.6688871673962239,0.612051631223152,0.676055410971001,0,0.70141403143689,0.6489874257687482,ndvi,sm
1600,0.6486093800246865,0,0.6757007845283681,0.61976833939588,0.6826511547643078,0,0.7075835363355774,0.6560211853890902,ndvi,sm
100,0.07484676222545418,0.00233377759193254,0.12263225543242955,0.026715034541155112,0.055837826220048466,0.023233664652717145,0.10378649531091433,0.007630212519140236,ndvi,tem
200,0.14045056843906745,9.88432735660183e-9,0.18740928083478525,0.09285135157928956,0.10600389627151593,1.5786690048535945e-5,0.15344757654463204,0.05807262366138131,ndvi,tem
300,0.1838449814752193,5.040412531798211e-14,0.23003354927926847,0.13683002410612732,0.15192722967265487,5.419888982061138e-10,0.19869948609109175,0.10446449738032071,ndvi,tem
400,0.22867954237050875,0,0.27388705995767315,0.1824637357827299,0.19837173600547411,4.440892098500626e-16,0.24426300789995858,0.15159388900121043,ndvi,tem
500,0.2695802049684258,0,0.3137294576039667,0.22426782971097733,0.24152127867714573,0,0.2864132620824578,0.19557115484803364,ndvi,tem
600,0.3095233503473982,0,0.3524896374588856,0.26525484474495653,0.28063244923366865,0,0.3244691200885796,0.23559289311978715,ndvi,tem
700,0.3458410302107474,0,0.3876042333357974,0.3026610359617339,0.31729338618744046,0,0.3600124653570498,0.27324657398855123,ndvi,tem
800,0.3815017582196929,0,0.42196611107930054,0.33952047756152337,0.35287592073628443,0,0.3943920979010338,0.30992218759637047,ndvi,tem
900,0.41337246334283045,0,0.4525779432225407,0.37257196884213967,0.39038340601662147,0,0.43050622284077,0.34872077581817346,ndvi,tem
1000,0.4479137890419579,0,0.48565089156434904,0.4085102907427017,0.42922415437235223,0,0.4677691704443975,0.38904958849193755,ndvi,tem
1100,0.4807742357039644,0,0.517014456697997,0.442813528358399,0.46720820256594797,0,0.5040781758855178,0.4286383749414088,ndvi,tem
1200,0.5061171641325924,0,0.5411366664670276,0.46934529910858164,0.502818141619351,0,0.5379998106670111,0.4658877556299202,ndvi,tem
1300,0.5302680220889527,0,0.5640707225394056,0.4946910152858148,0.533374732311274,0,0.567017125197842,0.4979558285396236,ndvi,tem
1400,0.552916354742114,0,0.5855306737756608,0.5185149860465464,0.5602381292619708,0,0.5924585034121297,0.526228263367968,ndvi,tem
1500,0.5739318732926223,0,0.6054026828369163,0.540669263473988,0.5829070331828222,0,0.6138775411234173,0.5501448374070009,ndvi,tem
1600,0.5912250571387119,0,0.6217255250805301,0.5589341756502665,0.6033545594446724,0,0.6331586395989147,0.5717639755365763,ndvi,tem
100,0.38485436129009376,0,0.4251906366653146,0.3429924197460518,0.26503236675632497,0,0.30930695936746616,0.2196112818611387,ndvi,pre
200,0.46633529407239815,0,0.503245222008163,0.4277269222781662,0.33066563403531396,0,0.37294627379144446,0.2870146080096122,ndvi,pre
300,0.49310313434155595,0,0.5287566910321366,0.4557124798387046,0.36629325212167807,0,0.40732573964188035,0.3237849624602875,ndvi,pre
400,0.5236219887333678,0,0.5577647356413573,0.48771013004285085,0.40304394487116996,0,0.44266750512020253,0.3618494374895143,ndvi,pre
500,0.5595609228991127,0,0.5918179337843935,0.5255146111264336,0.4471012902651954,0,0.48487417149076445,0.40766352567063896,ndvi,pre
600,0.5848426735202885,0,0.6157043478311206,0.5521895067848213,0.4839931204736576,0,0.5200814887177352,0.44617973010884104,ndvi,pre
700,0.6081741696643661,0,0.6376979351957923,0.5768661393005812,0.5037571650896183,0,0.5388927747242581,0.466871785210038,ndvi,pre
800,0.6278230647506141,0,0.6561828290139409,0.597692279638095,0.5213936117105963,0,0.5556494915115265,0.48537050672594445,ndvi,pre
900,0.6486385043177686,0,0.6757281050660071,0.6197993028408391,0.5411871716621675,0,0.5744226367940725,0.5061702886896076,ndvi,pre
1000,0.6705676755216379,0,0.696278034024677,0.6431387804776701,0.5625656309827098,0,0.5946597771257791,0.5286813918764902,ndvi,pre
1100,0.6912902421495254,0,0.7156585913803927,0.6652409872676252,0.5819823091133791,0,0.6130046936342128,0.54916816493904,ndvi,pre
1200,0.7120507021807331,0,0.7350370331880773,0.6874294853096005,0.6005717725927423,0,0.6305367692329621,0.5688191578989837,ndvi,pre
1300,0.7309237329998761,0,0.7526211646731877,0.707640689753685,0.6173328287735408,0,0.6463182680703722,0.586568469023647,ndvi,pre
1400,0.7489253568758814,0,0.7693646124763466,0.7269542696740424,0.6328492106519965,0,0.6609057655585538,0.6030261016113928,ndvi,pre
1500,0.7665773327074646,0,0.7857556251967712,0.7459265342127238,0.6463338482600439,0,0.6735659532320433,0.6173493890376714,ndvi,pre
1600,0.7832089402240382,0,0.8011745538262115,0.763832827788173,0.6582222163615972,0,0.6847142291890245,0.6299930893004863,ndvi,pre
100,0.09495281834756568,1.110196209459513e-4,0.14252828586039368,0.046939612075336964,0.032037637692250646,0.19308328703247568,0.08014197054721432,-0.016215578789132983,bio,sm
200,0.13152384365065692,8.093329739722321e-8,0.17861899751449895,0.08382741224163322,0.06269049302638093,0.01081497165820755,0.1105843087303777,0.014506190201653366,bio,sm
300,0.15845062670142987,9.40159061713075e-11,0.20511137175219488,0.1110712474824024,0.08427560859827334,6.060907853844277e-4,0.13196739423657572,0.03619455832302828,bio,sm
400,0.1863919546842384,2.220446049250313e-14,0.23252982623954005,0.13941706070034954,0.10161721707534048,3.506515218631989e-5,0.14911459606457386,0.0536519938617935,bio,sm
500,0.21239805379251825,0,0.25798354343898,0.1658689824089688,0.11886262764290824,1.2681911534251356e-6,0.1661383964897764,0.07104171459405773,bio,sm
600,0.24573944491988395,0,0.29052443815756507,0.19988017561714685,0.14181132816233383,7.0887415937193055e-9,0.18874858158135852,0.09422761754795514,bio,sm
700,0.28147371212142885,0,0.3252861275888536,0.2364554234290609,0.17039040934233216,3.140598892059643e-12,0.21683669017307722,0.12317444815574528,bio,sm
800,0.3166713668555028,0,0.3594104403974797,0.27260658333081966,0.20224003213947614,0,0.24804880869667478,0.15552884687469223,bio,sm
900,0.35303170113742915,0,0.39454235691297923,0.3100830350435179,0.23407646570372237,0,0.2791532445892611,0.18797031565793693,bio,sm
1000,0.38903766002391627,0,0.4292126879710417,0.3473262316167408,0.26035153494454766,0,0.3047531320680313,0.2148207216654378,bio,sm
1100,0.42351340024468337,0,0.462298979065081,0.3831103725433179,0.2852193873096233,0,0.32892301323633893,0.2402966520163718,bio,sm
1200,0.4579252883508084,0,0.4952166424379164,0.4189495843103008,0.30830973236138126,0,0.35131412976288134,0.26400714899106176,bio,sm
1300,0.4909799027882883,0,0.5267354646648648,0.4534899562658954,0.3280537358866231,0,0.37042130322455463,0.28432398599464753,bio,sm
1400,0.5206157499919399,0,0.5549110167702231,0.484553933614376,0.345507897523731,0,0.38728268605462857,0.30231731308162874,bio,sm
1500,0.5467040698839463,0,0.5796489000283332,0.5119749113384182,0.36001803143625116,0,0.40127878627657265,0.3172991372980166,bio,sm
1600,0.5681239383871872,0,0.5999146934357197,0.5345419994327413,0.3712910088854105,0,0.4121391258356813,0.3289533099202938,bio,sm
100,0.17837866946005615,2.8066438062523957e-13,0.2246739886812338,0.13127989247703054,0.12884282125223007,1.4823157545862387e-7,0.1759774846629611,0.08111871947628398,bio,tem
200,0.2275424751585348,0,0.2727771919868184,0.18130393490080227,0.15280890365927938,4.295768185613724e-10,0.19956632275480163,0.10535719224230206,bio,tem
300,0.25614837339513236,0,0.3006622838161409,0.21052089546250202,0.1675342591399429,7.2453154587037716e-12,0.21403306150005036,0.12027792755030402,bio,tem
400,0.27944112584130937,0,0.32331203316042373,0.23437157402425982,0.18315033891035604,6.283862319378386e-14,0.22935262772800302,0.13612456624071226,bio,tem
500,0.2970490141980134,0,0.34040055387245033,0.25243730172834455,0.19762110171305586,4.440892098500626e-16,0.2435282195427084,0.15083049087747596,bio,tem
600,0.32032803624996087,0,0.36294905864442417,0.2763694601602237,0.21742066504555868,0,0.2628921919002682,0.17098542228223904,bio,tem
700,0.3533114523152825,0,0.39481218718120004,0.3103718918188909,0.23753233058609632,0,0.2825239688314644,0.19149792091008108,bio,tem
800,0.3855031618133607,0,0.42581453322676566,0.34366444706366217,0.2592777303529542,0,0.3037081765502321,0.21372205373948444,bio,tem
900,0.4156771169275427,0,0.45478798761031713,0.3749660280311762,0.2819124775231761,0,0.32571221650384863,0.23690530912842045,bio,tem
1000,0.44414034207051023,0,0.4820431054931653,0.4045782764194475,0.3022445239640762,0,0.3454373496614437,0.2577738539890513,bio,tem
1100,0.4690520551526848,0,0.5058374065393493,0.4305639028257912,0.320897675089889,0,0.3635001967365499,0.2769557654363977,bio,tem
1200,0.49517847035354107,0,0.5307319321626617,0.45788531870293203,0.33891994392280866,0,0.38092175432198955,0.2955222369247154,bio,tem
1300,0.5198635678070357,0,0.5541968698760228,0.4837643777801403,0.35253173971955104,0,0.3940601079634515,0.3095668201718706,bio,tem
1400,0.5425683821890357,0,0.5757313382748991,0.5076232362502444,0.364120882181406,0,0.40523279886176,0.321539232769834,bio,tem
1500,0.5611606125159442,0,0.5933310149524401,0.5272004698936168,0.3746163160615258,0,0.41534049747629137,0.3323935270707406,bio,tem
1600,0.5769900608561973,0,0.6082911998430449,0.5438970139200993,0.3836414485608907,0,0.42402417830968514,0.3417362001643802,bio,tem
100,0.09434651814442227,1.2285311198168003e-4,0.1419288806793374,0.046329161676560246,0.04175840114410424,0.08975010711328757,0.08980570019332493,-0.006482816325332576,bio,pre
200,0.150421254215967,8.036549203893628e-10,0.19721868479607232,0.10293987418171097,0.0697956481123386,0.004537661295551221,0.11762786063841187,0.021640330445150374,bio,pre
300,0.20884577598979284,0,0.25451044523822886,0.16225185536074416,0.08676972855393397,4.1441495100746906e-4,0.134435312646077,0.038703531418335546,bio,pre
400,0.26360518586667514,0,0.3079187171635993,0.21815041274707492,0.10461156158921502,2.040687399595953e-5,0.15207248347905966,0.05666930938350925,bio,pre
500,0.31331005870363743,0,0.356156563447301,0.2691488351563312,0.12352023986944313,4.7548080805981385e-7,0.17073132856411413,0.07574329281002308,bio,pre
600,0.35841449923025076,0,0.3997330069648564,0.3156424293217876,0.14333243127925482,4.870238656806691e-9,0.1902454904793126,0.09576626937997272,bio,pre
700,0.3990250183220494,0,0.4388086397377546,0.3576801403469012,0.16684507351241717,8.845368881793547e-12,0.2133564345046234,0.11957912106827763,bio,pre
800,0.4359242554828501,0,0.474183270714043,0.3960219911567197,0.19089227236661946,5.10702591327572e-15,0.23693908187454496,0.14398973554465685,bio,pre
900,0.4715043652402229,0,0.5081766960810785,0.4331253834085379,0.2128755360907386,0,0.2584502929396306,0.16635527694300004,bio,pre
1000,0.5072914705959634,0,0.5422530135961199,0.47057630421965785,0.23456247808624908,0,0.2796273504334048,0.18846634531154038,bio,pre
1100,0.5404286486035287,0,0.5737038614382094,0.5053724541585021,0.25487421762953016,0,0.2994218513435506,0.2092177851663241,bio,pre
1200,0.5712981201946434,0,0.602914387778193,0.5378902651986214,0.2740084766121135,0,0.3180338447099811,0.22880394203647228,bio,pre
1300,0.6018965828660792,0,0.6317850567701586,0.5702210051628992,0.29215267111944293,0,0.3356515075312514,0.24741052041577583,bio,pre
1400,0.6337089490776343,0,0.6617134165219578,0.603938736173392,0.3098425086901078,0,0.35279875100766045,0.2655829895130954,bio,pre
1500,0.6649225747655003,0,0.6909920091451496,0.637125757796483,0.3244830297782949,0,0.3669684217486677,0.280646771311861,bio,pre
1600,0.691487878866682,0,0.7158432485205006,0.6654520020030259,0.33627863494528126,0,0.378370348203848,0.29279911890513244,bio,pre
100,0.12864745401961936,1.5484111748342855e-7,0.17578496996981238,0.08092136344495639,0.09441067077267123,1.2154697116972812e-4,0.1419923053960493,0.0463937517404434,sm,tem
200,0.20451948477287693,0,0.25027899471946174,0.15784827529805226,0.1403227077673589,1.0196301136744523e-8,0.1872834275326244,0.09272204324615411,sm,tem
300,0.2349006079486775,0,0.2799571836829321,0.18881145829094803,0.18646476656290448,2.1760371282653068e-14,0.23260117989746262,0.13949102732457197,sm,tem
400,0.26573170682636027,0,0.3099871500132694,0.22032720403623948,0.22959109235746433,0,0.2747767182481897,0.18339360350848224,sm,tem
500,0.2904148678410994,0,0.33396545076697,0.24562700111645253,0.27362420193159026,0,0.3176603923306785,0.22841023140429328,sm,tem
600,0.32115806003913877,0,0.3637521149643958,0.2772237795995625,0.30977705382734,0,0.3527353569543409,0.26551569082563026,sm,tem
700,0.3540979132405751,0,0.3955707192276916,0.3111839936773527,0.344582356425585,0,0.3863892792960431,0.30136240824531724,sm,tem
800,0.3896563933371359,0,0.429807436656743,0.34796737795916605,0.3776346225005236,0,0.4182454373154328,0.33551710776073823,sm,tem
900,0.4235495265004741,0,0.46233359280072356,0.3831479335527232,0.41016427567095376,0,0.4495006539716045,0.3692402282519034,sm,tem
1000,0.4571568501460285,0,0.4944827381415064,0.41814794527767546,0.4425348167737147,0,0.48050767566029345,0.40290572739356473,sm,tem
1100,0.49038921735173885,0,0.526173085288819,0.4528717305654829,0.47530836854723224,0,0.5118043124942648,0.4370999581000253,sm,tem
1200,0.5236476409425977,0,0.5577890829269282,0.4877370658797952,0.5106386853230904,0,0.5454343452333342,0.47408591587067056,sm,tem
1300,0.5542969383863235,0,0.5868373402720257,0.5199689627347758,0.5410495808370225,0,0.5742922597318495,0.5060255625858306,sm,tem
1400,0.5800131958572626,0,0.6111457943524221,0.5470887310457518,0.567444662778194,0,0.5992726420601762,0.5338256067285003,sm,tem
1500,0.6022788466735494,0,0.6321452117145455,0.5706255316987545,0.5929623321603446,0,0.623363856318282,0.5607708042516382,sm,tem
1600,0.6196310395512226,0,0.6484802344328535,0.5890044914391009,0.6160068168588384,0,0.6450706541386484,0.5851631963276236,sm,tem
100,0.3951436749989376,0,0.4350804846756004,0.3536551381799051,0.3004490403949232,0,0.34369699640550694,0.2559293215735607,sm,pre
200,0.4512079955918017,0,0.48879942600078397,0.41194412213440607,0.34089916112696345,0,0.38283318529673466,0.2975632185668721,sm,pre
300,0.48081753515703646,0,0.5170557196497212,0.4428588023748694,0.3699558411455481,0,0.41085343648325684,0.3275723199701618,sm,pre
400,0.5144801839432042,0,0.5490842295838898,0.4781152245917837,0.3904396957686112,0,0.4305603251193373,0.34877911071748824,sm,pre
500,0.5456038614167016,0,0.5786068678143381,0.5108170701330262,0.4121133854048516,0,0.45137034869140363,0.37126427620422453,sm,pre
600,0.575629349173438,0,0.6070060838467023,0.5424607359038333,0.4350561558951284,0,0.47335245580874435,0.3951183512415798,sm,pre
700,0.6046119795455103,0,0.6343431242505748,0.573094877351856,0.4561970039094974,0,0.49356595299919637,0.41714671365525047,sm,pre
800,0.6292102118444338,0,0.6574865165220067,0.5991640746580038,0.4758045448209528,0,0.5122773857632328,0.43761849294283667,sm,pre
900,0.6498224967394799,0,0.6768387062543365,0.621058138492066,0.4980926672857268,0,0.5335049235937113,0.4609371818933777,sm,pre
1000,0.6713856507584018,0,0.6970437478994421,0.6440103482805111,0.5214457275974048,0,0.5556989665819123,0.48542521848028136,sm,pre
1100,0.6932436986220617,0,0.7174836071630211,0.667326855823671,0.5449376460528408,0,0.5779758278631523,0.5101160174370799,sm,pre
1200,0.7148806040136123,0,0.7376756440760702,0.6904576099769103,0.5674457248055972,0,0.5992736459205464,0.5338267267497216,sm,pre
1300,0.736047263860211,0,0.7573894581274105,0.7131340831611759,0.587017867044628,0,0.6177568427724727,0.5544876915029057,sm,pre
1400,0.755609104814356,0,0.7755740766302489,0.734133988302729,0.6036149343178145,0,0.6334039231372478,0.5720395526711927,sm,pre
1500,0.7730853165687851,0,0.7917919251107427,0.7529297519729089,0.6165736814338229,0,0.6456040228654393,0.5857639218879096,sm,pre
1600,0.7877217569070712,0,0.8053542122145667,0.7686966678477433,0.6266493628769204,0,0.6550796122649989,0.5964471135105364,sm,pre
100,0.12439527689429743,3.938515837909051e-7,0.1715939851000342,0.07662682694529795,0.12992610472947275,1.1624743523341863e-7,0.17704488579767677,0.08221309846750495,tem,pre
200,0.18218669713965902,8.526512829121202e-14,0.22840794552323573,0.13514599992381887,0.21127491533081588,0,0.2568855668701544,0.16472520493107853,tem,pre
300,0.23971977199561914,0,0.28465694515446527,0.19373138627522712,0.2636719385946102,0,0.3079836528410365,0.21821873661452193,tem,pre
400,0.2964502227046995,0,0.3398198945066169,0.25182242921029063,0.31984022246408644,0,0.36247706438534716,0.27586739997441545,tem,pre
500,0.3453800103850892,0,0.3871592437667467,0.30218536343088165,0.36896392537875855,0,0.4098981736147227,0.3265464794391602,tem,pre
600,0.38536328732027797,0,0.4256800310041473,0.34351956149731977,0.4097833271120988,0,0.4491351866072099,0.36884467855917885,tem,pre
700,0.42154136438769074,0,0.4604093282959353,0.38106022001459067,0.44079896932028634,0,0.47884735144499807,0.4010977135611296,tem,pre
800,0.4573036014798843,0,0.49462289852559477,0.4183010323962018,0.47094425799238,0,0.5076424503839797,0.4325402870061018,tem,pre
900,0.49064593632374537,0,0.5264175059533108,0.45314041443378494,0.498857054077326,0,0.5342321465163175,0.46173782372896055,tem,pre
1000,0.5216560419068814,0,0.5558986213789128,0.48564601131201,0.523213505620929,0,0.5573770240798062,0.4872812157892433,tem,pre
1100,0.5530648823035469,0,0.5856712572321414,0.5186713999147659,0.5449680267964992,0,0.5780046053979778,0.5101479858254588,tem,pre
1200,0.5876307228355586,0,0.6183350529040225,0.5551352893858488,0.5655995991362529,0,0.5975284810372332,0.531879968343344,tem,pre
1300,0.6203201062031964,0,0.649128360594302,0.5897349862740882,0.5852471079906294,0,0.616086000608259,0.5526167714978447,tem,pre
1400,0.6514254695034991,0,0.6783421208261007,0.6227626758246454,0.6050952571481757,0,0.634798332664078,0.5736064411943743,tem,pre
1500,0.6862503789998512,0,0.7109485644438175,0.6598613818071621,0.6235273572143063,0,0.6521445043451948,0.5931357229037678,tem,pre
1600,0.7209083583202457,0,0.7432936241276966,0.6969104379653289,0.639618235416883,0,0.6672629292830761,0.610213709374454,tem,pre
