H1,H0
0,0
0.050593969251499116,0.0022271714922048997
0.08825588311148368,0.0044543429844098
0.12049917628544239,0.006681514476614699
0.14604485428410544,0.008908685968819599
0.16881148252830758,0.011135857461024499
0.18938066139278822,0.013363028953229397
0.2085629470559461,0.015590200445434299
0.22312664150784584,0.017817371937639197
0.23750085529466886,0.0200445434298441
0.2509855626259926,0.022271714922048998
0.2636939255656768,0.0244988864142539
0.27711810435121526,0.026726057906458794
0.2897527803655947,0.028953229398663696
0.3006610769870455,0.031180400890868598
0.31047459643250214,0.0334075723830735
0.3203118009610888,0.035634743875278395
0.3299253130378516,0.0378619153674833
0.33833614922655064,0.0400890868596882
0.34654697804655926,0.0423162583518931
0.35452885106293663,0.044543429844097995
0.36132120657077077,0.0467706013363029
0.36898464680278104,0.0489977728285078
0.3761928071034199,0.0512249443207127
0.38378782376192955,0.05345211581291759
0.39046175385408866,0.05567928730512249
0.3980462438089832,0.05790645879732739
0.4054938866168767,0.060133630289532294
0.4112993636607659,0.062360801781737196
0.4176995994589265,0.0645879732739421
0.4236313969462038,0.066815144766147
0.42874211155148,0.06904231625835189
0.43503181696168003,0.07126948775055679
0.439639881469317,0.07349665924276169
0.44475322775049864,0.0757238307349666
0.4508350307642903,0.0779510022271715
0.4559852205081224,0.0801781737193764
0.4612512039917256,0.0824053452115813
0.466446132225926,0.0846325167037862
0.472193712399932,0.08685968819599109
0.47692283399914914,0.08908685968819599
0.48212828893696236,0.09131403118040089
0.4863337070313114,0.0935412026726058
0.49094966656666394,0.0957683741648107
0.4955972062128623,0.0979955456570156
0.4998526261493869,0.1002227171492205
0.5035106556557365,0.1024498886414254
0.5077976557031052,0.1046770601336303
0.5117083260962259,0.10690423162583518
0.5156900517387487,0.10913140311804008
0.5195559836415022,0.11135857461024498
0.5235008658213725,0.11358574610244988
0.5277273373229542,0.11581291759465479
0.5317564331317454,0.11804008908685969
0.5357592121815047,0.12026726057906459
0.5399777886553719,0.12249443207126949
0.5436226597822019,0.1247216035634744
0.5474991183885749,0.1269487750556793
0.5507860815924795,0.12917594654788422
0.5541677851289254,0.1314031180400891
0.5580942455774697,0.13363028953229403
0.561396998836801,0.1358574610244989
0.565107661861229,0.1380846325167038
0.5684341002036918,0.1403118040089087
0.5714236840304654,0.14253897550111358
0.5748501260572761,0.1447661469933185
0.5782818314358938,0.14699331848552338
0.5811450948192809,0.1492204899777283
0.5842162605990717,0.1514476614699332
0.5870505755475214,0.1536748329621381
0.5902270083634693,0.155902004454343
0.5934587063733958,0.1581291759465479
0.5966246124857255,0.1603563474387528
0.5991247045943826,0.1625835189309577
0.6017590121741341,0.1648106904231626
0.604835441305734,0.1670378619153675
0.6077355481517748,0.1692650334075724
0.6103198538893528,0.17149220489977732
0.613154168837799,0.17371937639198218
0.6159358502681714,0.1759465478841871
0.618825430410599,0.17817371937639198
0.621609743516869,0.1804008908685969
0.6244861652797736,0.18262806236080179
0.6271941597848357,0.1848552338530067
0.6300442647887037,0.1870824053452116
0.6328154195154597,0.1893095768374165
0.6354392003915967,0.1915367483296214
0.6378656055749435,0.1937639198218263
0.6402788523787727,0.1959910913140312
0.6426999942103152,0.1982182628062361
0.6451158726900484,0.200445434298441
0.6473396388288023,0.20267260579064592
0.6497160421699765,0.2048997772828508
0.6521819224918805,0.20712694877505572
0.654842546830672,0.2093541202672606
0.6572584253104089,0.21158129175946552
0.6595900901612151,0.21380846325167038
0.6618243830035824,0.21603563474387527
0.6641981546688541,0.2182628062360802
0.6663850773449549,0.22048997772828507
0.6690641234150756,0.22271714922049
0.6714747385430032,0.22494432071269488
0.6733800718973862,0.2271714922048998
0.6756064697120436,0.22939866369710468
0.6774039043543738,0.2316258351893096
0.6793829246340689,0.23385300668151449
0.6816566926149957,0.2360801781737194
0.6837515066344586,0.2383073496659243
0.685543677924979,0.2405345211581292
0.6876305969167278,0.2427616926503341
0.6896543556867893,0.244988864142539
0.691772854789389,0.2472160356347439
0.6939281973546418,0.2494432071269488
0.696136173437967,0.2516703786191537
0.697894132941738,0.25389755011135856
0.6996573557973172,0.2561247216035635
0.7017363797613583,0.2583518930957684
0.7035232877000741,0.2605790645879733
0.705560204849655,0.26280623608017817
0.707455011500426,0.2650334075723831
0.7093419231234835,0.267260579064588
0.7114841073092167,0.26948775055679286
0.713205223350335,0.2717149220489977
0.7148658108456658,0.27394209354120264
0.7170264167627249,0.27616926503340755
0.718863326543612,0.27839643652561247
0.721037090840191,0.2806236080178173
0.7229818993331353,0.28285077951002224
0.7245687999031526,0.28507795100222716
0.7264399214707896,0.287305122494432
0.7281794592432331,0.28953229398663693
0.7296847778602349,0.29175946547884185
0.7315953745664321,0.29398663697104677
0.7332480670340492,0.2962138084632516
0.7348612843631105,0.29844097995545654
0.7365534519692848,0.30066815144766146
0.7381219308079772,0.3028953229398664
0.7394982973056917,0.30512249443207123
0.7411773065323484,0.30734966592427615
0.7426852568252529,0.30957683741648107
0.7441379419241754,0.311804008908686
0.7455458885327341,0.31403118040089084
0.7470748922328717,0.31625835189309576
0.7485486307390321,0.3184855233853007
0.7504881758801678,0.3207126948775056
0.7520303379598237,0.32293986636971045
0.7533724926707843,0.32516703786191536
0.7548514945287494,0.3273942093541203
0.7562989162758658,0.3296213808463252
0.7580068739374637,0.33184855233853006
0.7595858794797729,0.33407572383073497
0.7610833030690627,0.3363028953229399
0.762522829788469,0.3385300668151448
0.7640307800813742,0.34075723830734966
0.7653255646260669,0.3429844097995546
0.7667782497249928,0.3452115812917595
0.7682440932034369,0.34743875278396436
0.7697309900891107,0.3496659242761692
0.7709573510603037,0.35189309576837413
0.7725363566026123,0.35412026726057905
0.7740443068955188,0.3563474387527839
0.7755233087534824,0.3585746102449888
0.7769259920102345,0.36080178173719374
0.7786813198381023,0.36302895322939865
0.7803103272225866,0.3652561247216035
0.7819182811998381,0.36748329621380843
0.7832893843457435,0.36971046770601335
0.7848525998326275,0.37193763919821826
0.7863605501255324,0.3741648106904231
0.7876290179111886,0.37639198218262804
0.7890659129546903,0.37861915367483295
0.7903659608511926,0.38084632516703787
0.791673903775404,0.38307349665924273
0.7926028853694634,0.38530066815144765
0.7937476643876381,0.38752783964365256
0.7950213955250981,0.3897550111358575
0.7964767122999259,0.39198218262806234
0.7978715005289668,0.39420935412026725
0.7991952335086041,0.39643652561247217
0.8004084361002816,0.3986636971046771
0.801661113830512,0.40089086859688194
0.8029058965330321,0.40311804008908686
0.8043375282247276,0.4053452115812918
0.8057007363429205,0.4075723830734967
0.8069007805550735,0.40979955456570155
0.808382414088938,0.41202672605790647
0.8096956203649592,0.4142538975501114
0.8111351470843686,0.4164810690423163
0.8122009758254286,0.41870824053452116
0.8134404951761405,0.4209354120267261
0.8148379150810845,0.42316258351893093
0.8159221655534686,0.42538975501113585
0.8170222060812773,0.4276169265033407
0.8182143552657238,0.4298440979955456
0.8192301821646103,0.43207126948775054
0.8201828488418054,0.4342984409799554
0.8211618322780375,0.4365256124721603
0.8223039796203091,0.43875278396436523
0.8234171785276362,0.44097995545657015
0.8244909022964065,0.443207126948775
0.8257672651097742,0.4454342984409799
0.8268752006652947,0.44766146993318484
0.8280989299605834,0.44988864142538976
0.8291752854052564,0.4521158129175946
0.8302700625812575,0.45434298440979953
0.8313332596464099,0.45657015590200445
0.8324017200633729,0.45879732739420936
0.8335386040538383,0.4610244988864142
0.8346702246924934,0.46325167037861914
0.8357939503034348,0.46547884187082406
0.8368413573131658,0.46770601336302897
0.8379440295168781,0.46993318485523383
0.8390809135073422,0.47216035634743875
0.8402283242014206,0.47438752783964366
0.8414257367376679,0.4766146993318486
0.8424941971546337,0.47884187082405344
0.8435810793029243,0.48106904231625836
0.8449048122825598,0.48329621380846327
0.8460785397356743,0.4855233853006682
0.8470627865237103,0.48775055679287305
0.8478733427020952,0.48997772828507796
0.84872337401904,0.4922048997772829
0.849770781028773,0.4944320712694878
0.8508839799361029,0.49665924276169265
0.8519313869458365,0.49888641425389757
0.8530156374182233,0.5011135857461024
0.853999884206264,0.5033407572383074
0.8550999247340718,0.5055679287305123
0.8560157479486118,0.5077951002227171
0.8571157884764209,0.510022271714922
0.8580658234777119,0.512249443207127
0.8589921733958672,0.5144766146993318
0.8598000978983494,0.5167037861915368
0.8611238308779856,0.5189309576837416
0.8620238640371001,0.5211581291759466
0.863081797750447,0.5233853006681515
0.8639949892890822,0.5256124721603563
0.8648213355228889,0.5278396436525612
0.8656082066181395,0.5300668151447662
0.8665898217302744,0.532293986636971
0.8675688051665057,0.534521158129176
0.8684477849183898,0.5367483296213809
0.8693241329943722,0.5389755011135857
0.8702215344775838,0.5412026726057907
0.871179464506586,0.5434298440979954
0.8721505529151062,0.5456570155902004
0.8729821625007252,0.5478841870824053
0.873811140410438,0.5501113585746102
0.8744322159237448,0.5523385300668151
0.8754348844431123,0.5545657015590201
0.8764138678793459,0.5567928730512249
0.8773402177974992,0.5590200445434299
0.8781507739758837,0.5612472160356347
0.8791297574121167,0.5634743875278396
0.8797982030916947,0.5657015590200445
0.880856136805044,0.5679287305122495
0.8816245861689657,0.5701559020044543
0.8827167316690644,0.5723830734966593
0.883529919523354,0.5746102449888641
0.8845825898848901,0.576837416481069
0.8852668256198903,0.5790645879732739
0.8860247482801997,0.5812917594654788
0.8870774186417397,0.5835189309576837
0.8878590263851829,0.5857461024498887
0.8886616875358584,0.5879732739420935
0.889693304490167,0.5902004454342985
0.8905854426215744,0.5924276169265034
0.8911775696999396,0.5946547884187082
0.8921433947566535,0.5968819599109131
0.8931118514892674,0.5991091314031181
0.8940566231387502,0.6013363028953229
0.8949882364087118,0.6035634743875279
0.8956724721437149,0.6057906458797327
0.896464606590772,0.6080178173719377
0.8972120025474655,0.6102449888641426
0.8980936139752543,0.6124721603563474
0.898791008089775,0.6146993318485523
0.8995936692404494,0.6169265033407572
0.900304221734489,0.6191536748329621
0.9011253046164881,0.621380846325167
0.9019200707394535,0.623608017817372
0.9027279952419346,0.6258351893095768
0.9033332806998167,0.6280623608017818
0.904101730063741,0.6302895322939865
0.9047438589842797,0.6325167037861915
0.9054623065060289,0.6347438752783964
0.9062833893880301,0.6369710467706013
0.9070439437242409,0.6391982182628062
0.9080124004568555,0.6414253897550112
0.9087466380340278,0.643652561247216
0.9094361371208372,0.6458797327394209
0.9101966914570521,0.6481069042316258
0.9112256767354568,0.6503340757238307
0.9117730653234587,0.6525612472160356
0.9125520413909983,0.6547884187082406
0.9133336491344409,0.6570155902004454
0.9139547246477503,0.6592427616926504
0.9146731721695023,0.6614699331848553
0.9152968793587143,0.6636971046770601
0.9160416436395039,0.665924276169265
0.9165627154684663,0.6681514476614699
0.9173416915360055,0.6703786191536748
0.9180996141963128,0.6726057906458798
0.9188522735048126,0.6748329621380846
0.9196286178964477,0.6770601336302896
0.9203549604459117,0.6792873051224945
0.9208497155158346,0.6815144766146993
0.9214550009737217,0.6837416481069042
0.9221708168195698,0.6859688195991092
0.9229313711557827,0.688195991091314
0.9236208702425905,0.690423162583519
0.9242419457558982,0.6926503340757239
0.9249024964077673,0.6948775055679287
0.9256025221981921,0.6971046770601337
0.9262630728500568,0.6993318485523384
0.9270446805934974,0.7015590200445434
0.9275789108019781,0.7037861915367483
0.9283447284899986,0.7060133630289532
0.9289079071334241,0.7082405345211581
0.929505297563598,0.7104677060133631
0.9300158426889427,0.7126948775055679
0.9306948150721354,0.7149220489977728
0.9314527377324457,0.7171492204899776
0.9321422368192527,0.7193763919821826
0.9326843620554457,0.7216035634743875
0.933315964272369,0.7238307349665924
0.9339186180543513,0.7260579064587973
0.9346423289279112,0.7282850779510023
0.9351502423773549,0.7305122494432071
0.9358792166027204,0.732739420935412
0.9365029237919327,0.7349665924276169
0.9370239956208958,0.7371937639198218
0.9376319127546833,0.7394209354120267
0.9383819403872798,0.7416481069042317
0.9389109072439558,0.7438752783964365
0.9394319790729171,0.7461024498886415
0.939974104309112,0.7483296213808464
0.9406583400441123,0.7505567928730512
0.9413109956682651,0.7527839643652561
0.9419925997273597,0.755011135857461
0.9425820951298237,0.7572383073496659
0.9432768575684385,0.7594654788418709
0.9437610859347466,0.7616926503340757
0.9445742737890379,0.7639198218262807
0.9452821946071728,0.7661469933184856
0.9458874800650571,0.7683741648106904
0.9465190822819822,0.7706013363028953
0.947163842878426,0.7728285077951002
0.9476217544856954,0.7750556792873051
0.9482112498881599,0.77728285077951
0.9487612701520636,0.779510022271715
0.9493744506376623,0.7817371937639198
0.9499560510124142,0.7839643652561248
0.9506560768028357,0.7861915367483295
0.9511903070113178,0.7884187082405345
0.9517587490065473,0.7906458797327394
0.9522692941318928,0.7928730512249443
0.9529035280247194,0.7951002227171492
0.9533614396319913,0.7973273942093542
0.9540088319043369,0.799554565701559
0.9545772738995676,0.8017817371937639
0.9551009774044339,0.8040089086859687
0.9556825777791819,0.8062360801781737
0.9561957545804326,0.8084632516703786
0.9567852499828953,0.8106904231625836
0.9572984267841476,0.8129175946547884
0.9579063439179375,0.8151447661469934
0.9584300474228028,0.8173719376391982
0.9590379645565905,0.8195991091314031
0.959514297895188,0.821826280623608
0.9601511634639189,0.8240534521158129
0.9606511818856508,0.8262806236080178
0.9611433052796722,0.8285077951002228
0.9616880621917684,0.8307349665924276
0.9622591358629047,0.8329621380846326
0.9628565262930777,0.8351893095768375
0.9632381192991364,0.8374164810690423
0.963803929618464,0.8396436525612472
0.964414478428158,0.8418708240534521
0.964896075118562,0.844097995545657
0.9653250382908903,0.8463251670378619
0.9659013753138344,0.8485523385300668
0.966327706810256,0.8507795100222717
0.9668540419910262,0.8530066815144767
0.9673145852741977,0.8552338530066814
0.9678435521308718,0.8574610244988864
0.9684567326164666,0.8596881959910913
0.9691304416478509,0.8619153674832962
0.9696988836430807,0.8641425389755011
0.9702804840178301,0.8663697104677061
0.9707857657913702,0.8685968819599109
0.9713331543793708,0.8708240534521158
0.9717200107372383,0.8730512249443206
0.9722305558625861,0.8752783964365256
0.9729832151710884,0.8775055679287305
0.9733963882879924,0.8797327394209354
0.9738964067097214,0.8819599109131403
0.9743490549651855,0.8841870824053453
0.9749280236640328,0.8864142538975501
0.9753701452158788,0.888641425389755
0.9758675319617058,0.8908685968819599
0.9762754417268035,0.8930957683741648
0.9767701967967263,0.8953229398663697
0.9771965282931501,0.8975501113585747
0.9776570715763228,0.8997772828507795
0.9781228782113032,0.9020044543429845
0.9787939555667866,0.9042316258351893
0.9793387124788854,0.9064587973273942
0.9799255762054446,0.9086859688195991
0.9803650660813892,0.910913140311804
0.9808308727163696,0.9131403118040089
0.9813835246561745,0.9153674832962139
0.9819440716236939,0.9175946547884187
0.9827625228297884,0.9198218262806237
0.9832414878442897,0.9220489977728286
0.983741506266021,0.9242761692650333
0.9842757364745026,0.9265033407572383
0.984812598358887,0.9287305122494431
0.985302090077003,0.9309576837416481
0.9859310606180248,0.933184855233853
0.9865126609927746,0.9354120267260579
0.98701531109041,0.9376391982182628
0.9875363829193717,0.9398663697104677
0.9879495560362761,0.9420935412026725
0.9883364123941414,0.9443207126948775
0.9888522208712945,0.9465478841870824
0.9892996057749499,0.9487750556792873
0.989799624196681,0.9510022271714922
0.9903891195991441,0.9532293986636972
0.9909049280762979,0.955456570155902
0.9913496813040481,0.9576837416481069
0.9917839078281829,0.9599109131403117
0.9921523424547232,0.9621380846325167
0.9925970956824747,0.9643652561247216
0.9932550146584372,0.9665924276169265
0.9937471380524563,0.9688195991091314
0.9941497844657448,0.9710467706013364
0.9946076960730148,0.9732739420935412
0.9950840294116111,0.9755011135857461
0.9957051049249189,0.977728285077951
0.9960840662550748,0.9799554565701559
0.9966709299816322,0.9821826280623608
0.9971130515334776,0.9844097995545658
0.9975814898443645,0.9866369710467706
0.9979999263130769,0.9888641425389756
0.9984341528372105,0.9910913140311804
0.9988104824914604,0.9933184855233853
0.9992236556083656,0.9955456570155902
0.9997105156505779,0.9977728285077951
1,1
