x,y,z
-1742.0391052631576,-1580.0781836734695,-4160.629941747571
-1050.9038387096775,-1034.3440000000003,-5366.126144578313
-1742.0391052631576,-1580.0781836734695,-4160.629941747571
-2239.8223947368424,-1335.1438196721315,-2938.684571428572
-1577.016138888889,-1606.003641509434,-4465.943252427183
-2239.8223947368424,-1335.1438196721315,-2938.684571428572
-1812.033,-1059.5758983050848,-5155.183558823531
-2239.8223947368424,-1335.1438196721315,-2938.684571428572
-2239.8223947368424,-1335.1438196721315,-2938.684571428572
-1424.1562941176471,-3350.301923076923,-3445.3432209302323
-1812.033,-1059.5758983050848,-5155.183558823531
-1152.8185151515156,-1861.7419824561402,-4767.629193548386
-1285.8376097560981,-1449.849365384615,-4155.04208910891
-840.0006153846157,-1221.7043703703703,-4147.28054255319
-2145.7934999999998,-696.9006779661017,-5300.000569767441
-1013.2178571428574,-1532.3670181818184,-4354.238868686867
-1152.8185151515156,-1861.7419824561402,-4767.629193548386
-1873.5210833333326,-3022.5648666666666,-3654.6592765957444
-1013.2178571428574,-1532.3670181818184,-4354.238868686867
-1527.5837647058827,-464.68740322580635,-5392.4824578313255
-1152.8185151515156,-1861.7419824561402,-4767.629193548386
-1050.9038387096775,-1034.3440000000003,-5366.126144578313
-784.3635555555556,-1221.7043703703703,-4147.28054255319
-845.3567619047617,-1425.9664074074071,-6217.076102272727
-1945.085962962963,-2668.6721206896555,-4481.263105882354
-4126.0377,-1409.9648135593225,-3000.918484848485
-668.7030416666666,-1069.8731864406782,-6588.042835164836
-380.2267037037036,-1343.451107142857,-4820.642021739129
-1876.058619047619,-2917.754849056604,-6106.2919875000025
-1013.9665428571432,-3010.278291666667,-3688.8479780219777
-1224.5858214285715,-1147.0729607843139,-6259.80515625
-1945.085962962963,-2668.6721206896555,-4481.263105882354
-528.5014375,-2431.2851,-5018.223568421052
-1989.4764594594592,-2334.740603773585,-3080.125500000001
-1945.085962962963,-2668.6721206896555,-4481.263105882354
-1989.4764594594592,-2334.740603773585,-3080.125500000001
-1107.3905151515153,-2602.4555892857147,-3534.6002261904755
-1825.8405333333333,-464.68740322580635,-5392.4824578313255
-1071.310176470588,-2965.968333333333,-4369.789829787234
-245.04952777777783,-2131.918298507463,-5692.810964285714
-542.970388888889,-1801.561507936508,-5692.810964285714
-809.1267499999999,-3036.391827586207,-4171.718202380954
-438.8861724137931,-1147.0729607843139,-6259.80515625
-984.8723714285716,-2673.6112758620693,-3845.9601807228923
-607.6471333333333,-2431.2851,-5018.223568421052
-2005.3016000000007,-3154.8716031746035,-5497.850591836735
-2290.622459459459,-1853.144676923077,-3265.305961904762
-79.47155882352932,-3133.7157272727277,-4551.092049382716
-2005.3016000000007,-3154.8716031746035,-5497.850591836735
-2290.622459459459,-1853.144676923077,-3265.305961904762
-102.72685714285709,-1098.135310344827,-7159.436191780823
-102.72685714285709,-1098.135310344827,-7159.436191780823
-2504.6630526315794,-2023.5811967213117,-3339.501291262137
-382.8284285714285,-2347.12575,-4995.756752577318
-1182.703097560976,-2225.5671090909095,-2763.5129696969693
-2516.5030270270277,-2804.5037543859657,-5484.501934782608
-1259.078096774193,-2614.5257333333334,-4402.296314606742
-2912.1875945945953,-2027.0771538461536,-3422.561271929824
-1160.2317931034481,-626.9366382978723,-7075.815524390243
-1036.3253823529406,-2614.5257333333334,-4402.296314606742
-1160.2317931034481,-626.9366382978723,-7075.815524390243
-4529.687524999999,-1412.5081568627456,-3893.310160377357
-901.9249687500001,-2465.747859375,-5064.555093749999
-1160.2317931034481,-626.9366382978723,-7075.815524390243
-206.28362500000006,-1390.2035,-6917.4348266666675
-872.6540697674419,-1235.7529999999997,-3993.109436170212
-873.3032352941178,-1584.1770000000004,-5625.03419047619
-4529.687524999999,-1412.5081568627456,-3893.310160377357
-873.3032352941178,-1584.1770000000004,-5625.03419047619
-3054.761266666667,-1167.592403846154,-3653.035029411764
-1610.1194848484847,-1665.915873015873,-5437.4418681318675
-2017.929648648649,-2604.7483396226417,-3434.060701923079
-1202.9368275862068,-3855.560392156863,-5921.958705882353
-782.256,-2056.7684788732395,-4929.199000000001
-126.3239230769231,-1296.132553191489,-6574.2882714285715
-324.8692857142859,-1948.2491833333333,-5137.165461538461
-1404.7427058823523,-2596.7441641791042,-4508.023494382022
-1607.8889696969698,-2213.095919354838,-4486.755903614458
-1538.6546216216216,-2243.1391323529415,-4501.813583333333
-427.0795789473685,-1858.4259354838707,-4300.45852238806
-446.8170666666667,-4941.314150943396,-5996.66275510204
-1212.5035294117645,-1423.4958799999995,-5519.848341463414
-1905.8522,-3145.119324324325,-5047.450441860466
-229.91300000000007,-2524.75225,-5441.508492307691
-1594.5024999999998,-2029.0793571428578,-3622.1410777777783
-2555.5105471698116,-3041.8254202898547,-3679.597462365593
-213.10594444444456,-2503.465873015873,-3990.648350000001
-1869.9405641025644,-2939.8099682539687,-3535.3619186046517
-229.91300000000007,-2524.75225,-5441.508492307691
-665.0262727272728,-4070.2744255319153,-6590.8590980392155
-1280.1375476190476,-2464.735157142857,-4501.813583333333
-905.0577179487178,-3008.578956521739,-5549.608788888889
-2482.7142058823533,-3631.4095178571433,-5630.686019999999
-1222.7037999999998,-4908.438684210527,-6092.033127659575
-665.0262727272728,-4070.2744255319153,-6590.8590980392155
-1530.0669487179491,-3662.412722222222,-6206.519930232558
-2026.2325609756099,-2483.560602941176,-5135.609911392406
-1042.8521428571426,-2874.357249999999,-6045.278118644068
-1486.2035416666668,-2462.9995714285715,-4501.813583333333
-992.5182500000004,-1415.4434933333337,-5743.326415384616
-1363.0039565217394,-2969.5767733333328,-5005.4602625
-1300.2336818181816,-4146.8376727272735,-5978.566162790698
-663.0673636363637,-3465.973942028985,-6124.512014285714
-663.0673636363637,-3465.973942028985,-6124.512014285714
-663.0673636363637,-3465.973942028985,-6124.512014285714
-2087.46258974359,-3489.4243962264154,-5630.686019999999
-130.0775,-3461.2814067796617,-5264.718247191009
-1678.884142857143,-2969.5767733333328,-5005.4602625
-1965.3040400000004,-3996.7937313432826,-5621.400833333334
-1427.7600444444442,-2345.382924999999,-6759.593627118644
-663.0673636363637,-3465.973942028985,-6124.512014285714
-218.43410526315793,-5095.164305084746,-4048.9232156862745
-1210.5391777777777,-2874.3913624999996,-6045.278118644068
-663.0673636363637,-3465.973942028985,-6124.512014285714
-663.0673636363637,-3465.973942028985,-6124.512014285714
-774.2599215686274,-3227.4054657534243,-6075.924953846154
-683.303157894737,-2712.3347972972974,-6904.915934782607
-1391.922897959184,-3203.4207058823517,-5669.525276315789
-216.32778947368422,-5095.164305084746,-4048.9232156862745
-1194.3575217391303,-2366.612603174604,-5210.007199999999
-1854.6009821428568,-3135.196294117646,-5172.530455445546
-658.5434999999999,-1857.1663492063492,-4456.355474576272
-1058.1817368421057,-4338.906,-5663.4791447368425
-658.5434999999999,-1857.1663492063492,-4456.355474576272
-170.02193877551022,-2607.0556428571426,-5520.71536111111
-1057.233394736842,-4644.173857142857,-2846.734607142857
-1444.7409999999998,-4298.613444444445,-4425.026906976745
-796.6679761904767,-2671.301133333334,-5543.397459999998
-3167.582571428571,-2216.243041666666,-4803.530104166667
-1133.5086538461537,-5067.159210526316,-4265.969472222226
-2238.462108108108,-3154.50174,-4918.140511111111
-1058.1817368421057,-4338.906,-5663.4791447368425
-672.7062439024389,-4995.594883333333,-3557.345888888889
-1256.8924677419354,-3920.764952380951,-5010.000771739133
-1057.233394736842,-4644.173857142857,-2846.734607142857
-869.1182127659577,-4392.664727272728,-5675.761642857143
70.17308571428576,-2909.873370967742,-4528.403982758621
-658.5434999999999,-1857.1663492063492,-4456.355474576272
-1194.3575217391303,-2366.612603174604,-5210.007199999999
-964.0388490566038,-3135.196294117646,-5172.530455445546
-1098.7083658536585,-2585.8094647887324,-6711.002915492958
-658.5434999999999,-1857.1663492063492,-4456.355474576272
-467.8025333333332,-3280.314041666667,-5925.158599999999
-1256.8924677419354,-3920.764952380951,-5010.000771739133
-722.2062000000002,-4124.567823529412,-5968.480212121212
-670.0601063829789,-4124.567823529412,-5968.480212121212
-2787.085964285714,-2216.243041666666,-4803.530104166667
-970.692212121212,-2587.3790153846157,-5728.701160714284
-1727.89504,-3735.553649999999,-5296.793824742269
-1798.3376666666663,-3438.6946136363636,-4797.083590909091
-1866.3272765957447,-5103.926125,-2708.118521739131
-912.5519333333334,-3319.8842873563226,-6229.29043902439
-651.2615434782609,-3264.1973012048193,-5612.701918918917
-1231.7253695652173,-5332.5060416666665,-2744.440788461539
-580.8254117647058,-2914.8809830508476,-4528.403982758621
317.6494583333333,-4859.435962500001,-5836.802833333335
-2069.331875,-2828.5275272727276,-4055.7617659574466
-577.2734772727273,-3097.6137317073176,-5196.82878
-1373.7916226415095,-3493.7600945945946,-5603.316106382979
-2191.781260869565,-3565.0230000000006,-3044.5488222222225
-651.2615434782609,-3264.1973012048193,-5612.701918918917
-696.1690499999999,-3618.4975362318846,-5695.453708333331
-303.3314423076924,-4064.9867241379316,-4761.1087419354835
-2967.9280638297873,-1981.707253164557,-3663.6167549019606
-580.4517272727272,-4661.0382272727265,-4368.883120689655
-2131.763465116279,-3593.3757128712864,-4537.495626262626
-234.11778260869568,-4575.394164383561,-4733.921014705882
-1370.731660714286,-3329.5193913043477,-5901.766662790698
-1712.5741739130438,-3713.6529285714287,-2879.66585106383
-813.2067499999998,-4340.590644736842,-4674.514363636364
-463.80871739130436,-4013.280799999999,-5647.667471428573
-1264.2937333333334,-3397.93605882353,-5082.990117647059
-234.11778260869568,-4575.394164383561,-4733.921014705882
-2049.7508214285713,-2828.7970192307694,-2771.722608695652
-1666.2689347826088,-3470.7261038961037,-5603.316106382979
-1367.354827586207,-3735.553649999999,-5296.793824742269
-1424.805380952381,-3388.1899,-3108.236214285714
-1367.354827586207,-3735.553649999999,-5296.793824742269
-932.4770731707316,-4825.0553125,-4572.435018518518
-1188.4157090909096,-3398.3925733333335,-5685.067962025317
-2112.851677419355,-3957.4660652173916,-5605.74980952381
-2334.917310344827,-3162.8923396226414,-2763.2058979591843
-479.05497826086975,-4014.4958684210524,-6309.998462962963
-1506.5735142857145,-4391.629027397261,-6014.76768
-2334.917310344827,-3162.8923396226414,-2763.2058979591843
-3067.455964912281,-3264.885406593407,-3535.517349999999
-1571.718484375,-4343.659971428571,-5647.042692307693
-1424.805380952381,-3388.1899,-3108.236214285714
-138.89010000000013,-3712.310777777777,-5937.976710526316
-2223.9208780487807,-3997.1702456140347,-4220.254647058823
-1177.20103125,-2963.418116883116,-5706.013264367818
-1264.2937333333334,-3397.93605882353,-5082.990117647059
-977.0214,-3378.8684444444443,-3099.4647999999997
-2206.3438000000006,-4320.150020408163,-5701.051046511628
-1188.4157090909096,-3398.3925733333335,-5685.067962025317
-2532.217588235294,-2081.3071025641025,-2228.542425531915
-508.2058372093022,-5263.647285714284,-4872.646983870968
-1534.1094285714291,-3298.686753246753,-6270.893909090911
-1598.4708604651164,-4108.148844827586,-4415.496
-751.5481999999998,-3907.705012345678,-5937.976710526316
-1533.3195,-3474.3573265306122,-2946.634951219512
-1287.1780799999997,-5014.307855072463,-4788.674234042554
-1914.4213829787236,-3750.55062962963,-6313.55135897436
-1151.1813333333332,-4738.384666666667,-3305.2044423076923
-1161.1996111111112,-3502.6072037037043,-3361.9090270270267
-3056.8643749999997,-2207.260804878049,-1598.9428536585367
-2532.217588235294,-2081.3071025641025,-2228.542425531915
-1222.7372400000002,-3482.38354945055,-6642.239861538462
-751.5481999999998,-3907.705012345678,-5937.976710526316
-113.7949268292683,-4224.726164383559,-6715.210875
277.04704347826095,-6046.1593246753255,-4911.713142857144
-1300.7347727272727,-3887.503514285714,-4985.08438
-2712.5206874999994,-4340.136735849057,-3971.2116
-994.2326222222221,-4038.625222222221,-5937.976710526316
-1778.4103061224491,-3150.2853690476177,-5142.735188888891
-1642.0680526315791,-3398.4065600000004,-3029.921325581395
-1642.0680526315791,-3398.4065600000004,-3029.921325581395
-1387.0580000000002,-3370.661162790698,-7046.775822580645
-18.99623809523806,-4860.302414634146,-5210.82106779661
-2737.0355609756093,-4206.139246153846,-4558.445892857143
-892.726463414634,-5194.8810370370375,-6247.870788461539
-1891.9103461538466,-3612.934911392406,-7013.786573333335
-534.5745454545453,-5838.490242857141,-4793.9512444444445
-1838.707866666667,-3686.1570408163266,-5798.731704545455
-2575.8690666666666,-1384.7428108108109,-1718.764525
-3433.768829787235,-3400.1373333333336,-4458.282072727273
-1379.639063829787,-4101.09071875,-6068.817309523808
-1723.256928571429,-4741.814971428572,-4658.163397058823
-2055.2648214285714,-3037.5306181818182,-2411.6762368421055
-1425.397388888889,-3686.1570408163266,-5798.731704545455
-1080.3545714285715,-5934.997217391304,-4793.9512444444445
-1857.822860465116,-3578.6285999999996,-3752.5598333333332
-4991.9085000000005,-3140.545377777778,-2960.9871730769228
-2341.5180689655176,-1275.1750512820513,-1799.890063829787
-1950.0592727272726,-4019.47268,-5701.051046511628
-1914.4213829787236,-3750.55062962963,-6313.55135897436
-863.5772000000001,-3842.4249350649347,-5541.97891044776
-2055.2648214285714,-3037.5306181818182,-2411.6762368421055
-2055.2648214285714,-3037.5306181818182,-2411.6762368421055
-1067.611711111111,-4372.584426666667,-4740.915183098591
-965.7523387096774,-3981.0039420289854,-5588.283760000001
-1413.5206756756754,-5182.3989591836735,-3834.672181818182
-460.6715,-5312.940654320989,-6140.918422535212
-1260.1196444444445,-3637.6397288135595,-4336.79574074074
-1160.9025476190477,-3743.11037735849,-4047.7370392156863
-863.5772000000001,-3842.4249350649347,-5541.97891044776
-1924.3877399999997,-3322.9504426229505,-5600.068533333333
-460.6715,-5312.940654320989,-6140.918422535212
-1751.2122222222222,-4441.197571428573,-3362.863261904762
-2089.979085106383,-3564.0078225806456,-4157.420765957447
-1425.397388888889,-3686.1570408163266,-5798.731704545455
-1260.1196444444445,-3637.6397288135595,-4336.79574074074
-1155.0520975609757,-5194.8810370370375,-6247.870788461539
-3381.2512444444455,-3507.0008793103448,-4458.282072727273
-611.0086190476189,-4847.358987804876,-5479.805193548387
-1751.2122222222222,-4441.197571428573,-3362.863261904762
-4209.388542857143,-2686.7847083333336,-3079.6988749999996
-1375.9021639344267,-3784.447717948718,-6611.137492063494
-1067.611711111111,-4372.584426666667,-4740.915183098591
-400.2407446808511,-4727.975714285714,-4862.853403508771
-2182.992947368421,-4340.136735849057,-3971.2116
-2182.992947368421,-4340.136735849057,-3971.2116
-2158.1463703703703,-3723.483159090909,-2774.1629
-3069.606076923077,-2834.323081632653,-1894.9767804878047
-2330.579275862069,-3723.483159090909,-2774.1629
-2182.992947368421,-4340.136735849057,-3971.2116
-1051.4504186046513,-4953.51403,-6247.870788461539
-1789.6179354838707,-3125.5651025641023,-3930.8869400000003
-1371.8199259259259,-4710.7688124999995,-3859.2302083333325
-1014.0935000000002,-4732.691920454545,-6307.9901
-4496.145129032258,-4553.232866666666,-4497.794474576272
-623.1416585365853,-4991.583220930232,-4704.679660377358
-5758.117771428571,-3906.4173333333333,-3996.3735925925926
-2330.579275862069,-3723.483159090909,-2774.1629
-870.7798000000001,-3749.2546500000008,-5335.8776
-1437.6343414634148,-3313.181164705882,-4266.048234042552
-1467.7771400000004,-3855.9927840909095,-6463.222320754718
-2330.579275862069,-3723.483159090909,-2774.1629
-1845.2016071428568,-3990.3857121212113,-5712.942073170731
-2158.1463703703703,-3723.483159090909,-2774.1629
-1096.9446666666665,-4277.302289156626,-4204.178
-2811.108928571429,-3002.7011951219515,-2187.29975
-1475.7258113207552,-4145.02264367816,-4237.46804477612
-1205.9611372549018,-4621.145025641024,-4822.682499999999
-683.0555686274512,-3131.242258426966,-2584.922173913043
-692.2135749999999,-3184.6388021978028,-3555.1509438202243
-1859.341483870968,-5694.470680555555,-3835.675451612903
-2330.304259259259,-3971.667676470588,-3982.3539285714282
-764.8698888888887,-4628.2800800000005,-6401.837
-1859.341483870968,-5694.470680555555,-3835.675451612903
-6183.9169999999995,-2743.574977272727,-3199.004576923076
-1707.8228695652174,-3536.511846153846,-2973.480275
-1702.992105263158,-4261.023183908046,-4074.131851351351
-2589.968,-3346.87074528302,-5544.283705882352
-2467.2521384615384,-2957.117157894737,-4546.008956521739
-1123.490014492754,-3924.0900104166667,-3548.26242105263
-1797.696844827586,-4271.358060240965,-4664.292839999998
-747.7803636363635,-3816.1476382978713,-6278.984754098359
-1439.6430869565215,-4146.80331958763,-5867.388962264151
-2118.23988,-3743.600207920793,-5968.751350877193
-1615.8967843137261,-3374.9796086956517,-2524.402873417722
-1041.0715666666665,-5241.306500000001,-4106.139920634921
-2589.968,-3346.87074528302,-5544.283705882352
-1439.6430869565215,-4146.80331958763,-5867.388962264151
-3543.8305869565224,-2938.88725,-3230.1092549019604
-1964.7082280701754,-2335.0901730769233,-4032.609195652174
-1612.2316603773584,-4617.81120652174,-3620.5772750000006
-1754.2422105263167,-4324.270824175825,-6661.212377358492
-1439.6430869565215,-4146.80331958763,-5867.388962264151
-4579.933883720931,-2657.5926666666664,-2759.0240816326527
-5104.710615384615,-3546.587447368421,-3678.588113207547
-3476.7334615384616,-2938.88725,-3230.1092549019604
-2160.1933584905664,-3767.694406779661,-3676.8203750000007
-4698.528863636363,-2657.5926666666664,-2759.0240816326527
-1396.682584615385,-5669.435471910113,-3906.436852941176
-5573.4838064516125,-2552.491475,-3199.004576923076
-1651.5923333333335,-2851.923301886794,-6071.365618181817
-1056.8064772727273,-4350.727189473683,-5973.245303030304
-1912.8445087719301,-2800.7581428571434,-5544.283705882352
-1652.3847910447766,-3377.8756363636353,-4023.433702702701
-2296.372170212766,-4578.30658490566,-2451.439911111111
-1965.113975609756,-4038.5919072164957,-6010.581954545454
-2168.399087719298,-4333.834412698411,-3829.0562542372872
-2701.043381818182,-4604.054427083333,-4132.245662337661
-2696.763395833334,-3361.15512,-4353.330819999999
-2555.129552238807,-2020.8428604651162,-4045.615169811321
-4701.873041666667,-3607.1945714285716,-3788.210981481481
-1817.5102950819673,-4325.147213114753,-3829.0562542372872
-1296.2816530612247,-4132.842958762885,-5425.379714285714
-1490.8746567164183,-3379.911261363635,-4023.433702702701
-5261.797829787234,-2657.5926666666664,-2759.0240816326527
-2696.763395833334,-3361.15512,-4353.330819999999
-1296.2816530612247,-4132.842958762885,-5425.379714285714
-539.6946779661017,-3125.5595257731957,-6278.984754098359
-1115.1228749999998,-5222.8768453608245,-3568.671985294117
-1957.6203870967743,-4321.205898305085,-3536.531
-5583.399333333334,-3607.1945714285716,-3788.210981481481
-1397.429119047619,-4021.8816888888878,-6117.9542432432445
-1760.9957910447763,-4240.90985,-4907.91116923077
-1246.0101333333332,-3275.3738705882342,-5076.197599999999
-1460.276015873016,-4999.257860215053,-3865.1982000000007
-1334.6599473684212,-4025.9965444444438,-5929.941326923078
-999.1945689655171,-4382.9503125,-2722.3095443037973
-643.8915084745763,-3541.3946499999997,-4929.483
-442.95067500000005,-4473.452166666666,-5850.562196078433
-2070.856716417911,-4956.184495049504,-3524.849479452055
-490.1353571428573,-3443.7075652173903,-6490.1606875
-3163.4561129032263,-1861.468619047619,-4568.963100000001
-5847.210357142858,-2359.8000769230766,-2857.34094117647
-2278.7534181818182,-2598.9581333333335,-2860.615391304348
-20.604199999999963,-4034.9049058823525,-5850.562196078433
-1637.8472575757573,-3084.7873035714283,-4286.0085
-2955.837613333333,-4202.741727272726,-3868.56392
-1879.0697903225807,-3112.5850769230774,-3827.3169999999986
-2839.581727272727,-4928.873081632652,-2823.567418604651
-3163.4561129032263,-1861.468619047619,-4568.963100000001
-1748.2608448275864,-4037.9598392857147,-3185.9292307692303
-1922.6027173913049,-3753.7869139784934,-6839.797857142857
-2038.4775606060612,-3185.9517976190477,-4705.9418
-1590.0549692307693,-3321.1494523809524,-5076.197599999999
-592.4223220338978,-4326.617688073395,-3351.495276595745
-4353.029890625,-2657.5926666666664,-2759.0240816326527
-2951.430507936508,-4249.957619469026,-3793.273450704224
-2610.5489324324326,-3775.120376237625,-3189.236178571427
-1734.5424000000003,-1861.468619047619,-4568.963100000001
-2050.547173076923,-2335.4107391304346,-5147.2265
-2618.6754821428576,-2184.0152916666666,-3727.604775000002
-592.4223220338978,-4326.617688073395,-3351.495276595745
-3736.6250714285716,-2489.186681818182,-2386.8402083333335
-2962.5387500000006,-3176.998333333333,-6638.526999999999
-1364.5697966101695,-3157.3481428571426,-4929.483
-1739.8177090909094,-4763.962905172413,-2903.591182926829
-3824.2221627906974,-1970.167487804878,-2595.789133333333
-3040.433032786885,-4259.547,-3689.528446428571
-5851.299527777777,-3125.3023783783783,-2485.803189189189
-673.1472653061224,-3847.9693928571423,-6490.1606875
-172.3671666666667,-4222.652825581395,-4459.092820000001
-5851.299527777777,-3125.3023783783783,-2485.803189189189
-5250.971895522388,-2944.20452,-3730.7930444444446
-4470.33076,-3788.449027777778,-4181.523
-3011.9828787878787,-3230.7989642857133,-3189.236178571427
-1936.0325217391305,-3933.4877294117646,-6833.091
-5250.971895522388,-2944.20452,-3730.7930444444446
-5851.299527777777,-3125.3023783783783,-2485.803189189189
-3257.830890625001,-4166.781612612611,-3224.8887901234557
-1496.6231904761905,-3063.068949999999,-3701.2760923076908
-5121.049444444444,-3666.2637346938773,-3730.7930444444446
-5851.299527777777,-3125.3023783783783,-2485.803189189189
-3851.579577777777,-2996.4882682926827,-3139.8231599999995
-3685.6125192307695,-3324.0512500000004,-4680.536588235295
-2611.7920000000004,-3066.682907894736,-3730.935660377359
-2735.8666666666672,-4210.086595505619,-4479.47355
-2539.7636949152543,-3245.2445268817196,-3701.2760923076908
-1860.0485892857141,-4571.206390000001,-2558.123134328358
-3824.2221627906974,-1970.167487804878,-2595.789133333333
-3723.294777777777,-3792.5039999999995,-4353.330819999999
-3428.0222999999996,-3726.3576835443037,-6834.022875000001
-1738.078425925926,-3871.6807956989237,-6338.471442307694
-2215.6556833333334,-3680.660575000001,-4479.47355
-5851.299527777777,-3125.3023783783783,-2485.803189189189
-4128.9737000000005,-3252.1890000000003,-3551.8149807692307
-3505.341074074074,-4451.363693548387,-4775.215175
-2611.7920000000004,-3066.682907894736,-3730.935660377359
-3871.9685970149253,-4093.585972222222,-3383.098394366197
-2916.430611111111,-3954.193078651685,-5288.898557692309
-3103.698365079365,-3887.423823529412,-4219.816105263158
-2598.904135135135,-2885.5551397849467,-4979.385999999999
-2866.401979591837,-3652.588738095239,-2759.0240816326527
-4271.04108,-4967.9773387096775,-4775.215175
-4271.04108,-4967.9773387096775,-4775.215175
-2677.153720588235,-3803.1568269230775,-4025.757142857142
-3304.661348484849,-4272.268903846155,-3440.580214285714
-2045.833339622641,-4441.366747826088,-2012.55234375
-3237.0425,-2291.770636363636,-2676.7184736842105
-3583.991139534884,-4679.8499999999995,-6889.912350877194
-2537.9981199999997,-3001.373031250001,-4979.385999999999
-3901.3986949152545,-2797.9969705882354,-2384.857192307693
-4261.442897435897,-1711.8830487804878,-3148.2540000000004
-3008.426085106383,-3320.091953488373,-4309.358901639344
-5142.488195652174,-3246.941219512195,-3554.523538461538
-4151.301879310345,-4679.4252380952385,-3249.4205111111114
-2359.484953846154,-4287.435280487806,-4107.476074626864
-2526.840594594594,-1970.8819999999998,-3054.437375
-3732.9980370370376,-2797.9969705882354,-2384.857192307693
-1837.2974693877545,-4141.772088495576,-2794.5113064516136
-5877.720305555555,-4045.6549999999997,-2400.6794888888885
-2091.5739062500006,-4301.894169811319,-3398.3414352941177
-4082.1218653846154,-3574.0103780487793,-3730.935660377359
-3320.9758245614034,-4620.164321428571,-3486.2127142857153
-4575.4009622641515,-2640.0075942028984,-5853.458705882353
-4283.5456774193535,-2770.2957666666657,-3409.9224354838693
-3732.9980370370376,-2797.9969705882354,-2384.857192307693
-5141.706652173913,-2471.426292682927,-3394.8688518518516
-5635.292088235294,-4045.6549999999997,-2400.6794888888885
-1930.2136093749994,-4415.926445544555,-3879.549214285712
-3925.3768571428573,-2862.5137375000013,-5933.180653846154
-3200.5234528301885,-4411.205974683545,-4390.594473684211
-3377.979758620689,-2046.6225625000002,-3726.1569756097556
-3237.0425,-2291.770636363636,-2676.7184736842105
-3551.4249999999997,-1549.2202820512819,-3574.767693548388
-4867.735637931035,-2995.8176470588237,-6269.05986
-3200.5234528301885,-4411.205974683545,-4390.594473684211
-5054.806092592592,-2888.564294871794,-3409.9224354838693
-4317.669410256411,-2677.7764375,-2890.042
-3932.249218181818,-4070.3857731958756,-3676.1418070175428
-5743.925825,-2331.115511627907,-3394.8688518518516
-4699.916630434782,-4679.4252380952385,-3249.4205111111114
-4443.803568181818,-3838.367773333333,-3991.4306981132086
-5522.165541666666,-3129.9897027027027,-2078.501531914894
-6074.339631578947,-1850.8126976744186,-4012.006088888889
-5522.165541666666,-3129.9897027027027,-2078.501531914894
-2454.672456140351,-4818.10724468085,-2895.8698021978016
-4590.592266666667,-2019.0321499999998,-2144.063898305085
-3891.8094423076927,-3751.902360465117,-4394.695820895522
-4326.057025641026,-2485.099117647059,-2829.4199122807017
-4300.81735897436,-2215.335170731707,-2452.060333333334
-5325.298360000002,-2283.5661999999998,-2375.285172413793
-4443.803568181818,-3838.367773333333,-3991.4306981132086
-3712.180489795918,-4038.5866216216223,-6520.1072456140355
-5838.208333333333,-3743.724481481481,-2622.1050555555557
-3200.5234528301885,-4411.205974683545,-4390.594473684211
-4771.787105263158,-3236.6870746268655,-6269.05986
-4963.637654545454,-3029.0982000000004,-5972.132693877551
-5160.522757575757,-1556.6082045454546,-2987.671369565219
-3672.045510638298,-4038.5866216216223,-6520.1072456140355
-3719.9057857142857,-2901.847291666667,-3826.129239999999
-5522.165541666666,-3129.9897027027027,-2078.501531914894
-4452.56185,-2333.45198,-2511.6622321428576
-2543.7098636363635,-3203.310074468085,-3776.3302428571415
-4915.852125,-1808.9006923076922,-2144.063898305085
-5442.774257142857,-1769.807275,-3454.459413043479
-4452.56185,-2333.45198,-2511.6622321428576
-5593.455882352941,-3743.724481481481,-2622.1050555555557
-3025.2957575757573,-3203.310074468085,-3776.3302428571415
-4670.448566666667,-1640.0459090909094,-3155.953388888889
-5308.667130434783,-1726.555875,-2234.93775
-4310.6189756097565,-1292.6822272727275,-2278.5900377358494
-4900.871444444444,-1555.9882954545458,-2912.073744680852
-4046.8197017543857,-2132.8446067415734,-5906.1934838709685
-3568.0478260869572,-4881.409014492755,-2664.000591836734
-3337.54118032787,-3788.3559047619055,-4662.630680555554
-3307.6008225806454,-2981.3814999999995,-3669.6059705882344
-1745.5568936170212,-3709.038384615385,-2614.4881014492753
-3012.1511489361715,-3896.0748421052626,-5229.770451612903
-3594.076413793104,-2653.6371111111116,-5737.623173076923
-5593.455882352941,-3743.724481481481,-2622.1050555555557
-1861.3098703703708,-4360.627551724138,-2698.675746666666
-5593.455882352941,-3743.724481481481,-2622.1050555555557
-5445.429107142857,-3333.466628571429,-2962.17712
-4148.191020408163,-1647.5125952380954,-2395.465921568628
-4083.508970588235,-3571.003909090909,-3078.9000833333334
-2925.8643015873026,-2737.726074626866,-6275.7959411764705
-4711.233464285715,-1303.9703846153845,-2922.8045000000006
-2939.5607380952383,-3535.4694366197186,-3051.7730000000006
-3853.45874,-4797.151337837839,-3267.1778947368425
-4311.462327586207,-3889.9077802197803,-3361.1573846153824
-2374.0785454545457,-3881.3720114942525,-2625.8937764705875
-3794.8220689655172,-1344.6199210526315,-3330.4140222222227
-2039.1060185185188,-3717.0988522727275,-2553.806689655172
-5875.271,-2998.7965454545456,-3365.164829787234
-5334.858941176471,-2532.5622045454543,-2994.68952173913
-5501.846105263158,-5685.7388125,-2913.3197777777777
-7273.070999999999,-3595.3423636363636,-2636.127820512821
-6347.5930625,-2827.479027027027,-2673.831125
-4276.476162162163,-3879.0722266666667,-3276.3658085106376
-4276.476162162163,-3879.0722266666667,-3276.3658085106376
-6788.560949999999,-5046.811866666666,-2904.94141025641
-4027.5257636363644,-2472.302025974026,-6238.859250000001
-5445.429107142857,-3333.466628571429,-2962.17712
-5680.460333333333,-3333.466628571429,-2962.17712
-2779.2775272727276,-3521.7095402298846,-2426.3679729729724
-6347.5930625,-2827.479027027027,-2673.831125
-5501.846105263158,-5685.7388125,-2913.3197777777777
-2852.900125,-3791.2684727272726,-2382.587056603774
-2940.258238095238,-3535.4694366197186,-3051.7730000000006
-3334.159491525424,-3178.5849861111114,-3669.6059705882344
-3443.9098809523816,-3332.676819444444,-3343.709440677967
-5680.460333333333,-3333.466628571429,-2962.17712
-6236.9655,-2567.515074074074,-3407.4381190476192
-3697.3448095238105,-4005.3216849315077,-3052.1749090909098
-4276.476162162163,-3879.0722266666667,-3276.3658085106376
-4175.24969047619,-4072.721111111111,-3821.10402173913
-3073.3927894736853,-3855.5794615384625,-2971.991486842105
-5357.4630625,-4698.607230769231,-2730.7965000000004
-3609.372984615385,-4048.7120800000002,-4139.195456790122
-2620.1571132075483,-4595.018220930232,-3956.2649516129036
-2236.1040000000003,-3810.2368023255813,-2576.5323614457825
-5508.804484848485,-1938.572738095238,-3281.6948749999997
-3261.4226323529406,-3545.00146835443,-4540.579472222224
-3736.0648032786894,-2436.817900000001,-6358.904655737705
-2786.9595319148934,-3660.7844204545468,-4171.509506666666
-3967.6973396226417,-3169.2599200000004,-3545.0456857142844
-4280.145192307692,-3297.090710526316,-3078.0580784313725
-3648.4592903225803,-3235.907477611941,-6338.163784313724
-4194.968870967742,-3367.9627297297293,-3206.168799999999
-3981.0759999999996,-2205.4254625000003,-4571.144578947368
-4018.3050175438584,-2992.806011764707,-3696.8220749999987
-4039.3221707317075,-3324.8595466666666,-3487.164203389831
-3845.377453125,-3709.0004109589045,-3433.8321685393253
-5042.659166666666,-3297.090710526316,-3078.0580784313725
-5357.4630625,-4698.607230769231,-2730.7965000000004
-3736.0648032786894,-2436.817900000001,-6358.904655737705
-3842.724734375,-4356.579271604939,-4642.484025
-5357.4630625,-4698.607230769231,-2730.7965000000004
-2505.739341463415,-4234.985121621621,-3423.5405846153853
-4417.083052631579,-4432.164625,-3115.6754905660378
-3994.3292,-3367.9627297297293,-3206.168799999999
-3221.47414,-2730.03861038961,-4995.77604054054
-4571.627432432432,-3048.628666666667,-2917.3617142857142
-7747.11403030303,-1793.5890967741939,-3603.5766888888897
-6860.34705882353,-3374.9854999999993,-2904.94141025641
-7720.258999999999,-1793.5890967741939,-3603.5766888888897
-7747.11403030303,-1793.5890967741939,-3603.5766888888897
-3479.142537313432,-2788.446666666667,-4750.037419753088
-4382.939823529413,-3786.2273472222214,-3344.0841016949166
-3812.4571052631577,-3560.5200864197527,-2912.9977234042544
-5994.210054054053,-3026.5194878048783,-3076.154178571429
-3685.0382045454553,-2644.4640714285715,-2616.355226190476
-6885.129235294117,-2115.520971428571,-2089.656487179487
-4372.474933333334,-3021.089771428571,-1370.740348837209
-4003.8418225806445,-3759.948909090909,-3199.143076923077
-4501.781888888889,-2913.8451754385965,-2903.5593278688525
-4003.8418225806445,-3759.948909090909,-3199.143076923077
-5435.235514285714,-3359.6183188405794,-3287.3231363636364
-5286.188126984127,-3082.2567105263156,-3520.7324157303356
-5615.799045454545,-2334.5235172413786,-3248.490512195122
-5544.20558,-2746.9407241379313,-3435.1437865168537
-3275.392096153846,-2730.03861038961,-4995.77604054054
-4699.9439523809515,-2646.834634146342,-3208.0843243243244
-2860.6664864864865,-3545.032753086419,-3270.3498461538475
-4599.593426229508,-3614.875662337662,-3163.9328630136984
-3246.5500909090906,-3634.482013888889,-3697.696557692307
-3275.392096153846,-2730.03861038961,-4995.77604054054
-5343.369043478261,-2334.5235172413786,-3248.490512195122
-4829.4529999999995,-4062.849756097561,-3123.591590163935
-5811.201333333333,-2253.17187,-2831.9863513513515
-4291.530884615384,-3489.9182040816327,-3197.2560175438593
-5718.55776,-2944.167733333333,-3248.490512195122
-7747.11403030303,-1793.5890967741939,-3603.5766888888897
-3704.2621666666655,-3362.9942560975605,-3163.9328630136984
-5811.201333333333,-2253.17187,-2831.9863513513515
-3788.3586470588234,-3301.7707613636358,-4373.223789473684
-5606.065146341463,-2691.379862068966,-2780.721780487804
-5967.316428571429,-1991.023722222222,-2242.51593670886
-3520.035321428571,-3318.23325,-4988.609029850746
-3458.548661538461,-2101.863341463415,-4472.3786478873235
-3341.2808125000006,-3375.3656231884056,-2335.723407407407
-5204.167380952381,-2516.1678780487805,-3208.0843243243244
-4291.530884615384,-3489.9182040816327,-3197.2560175438593
-2754.8053999999997,-2978.1159310344824,-4366.572743243243
-6216.708785714285,-2479.322620689655,-3529.9402741935487
-7657.928777777777,-2509.117764705882,-2089.656487179487
-3606.0668888888886,-2494.22952631579,-4318.771035714284
-5967.316428571429,-1991.023722222222,-2242.51593670886
-4715.96840625,-2857.6610476190476,-4243.904487179487
-3252.907363636364,-3617.2307076923075,-2335.723407407407
-6216.708785714285,-2479.322620689655,-3529.9402741935487
-6349.450517241379,-2079.3537288135594,-3525.8087017543858
-4121.320851063831,-3922.7221733333336,-3497.083023529412
-3252.907363636364,-3617.2307076923075,-2335.723407407407
-5726.8427,-2912.7873333333337,-3037.040085714286
-4491.614119999999,-2990.331773584906,-3379.3311052631584
-4574.843829268294,-2716.283855072463,-2281.753977011494
-4587.965836363636,-2685.564674698795,-2472.51264893617
-5573.622967741936,-2498.2281379310343,-3137.533436363636
-6257.121176470589,-2115.520971428571,-2089.656487179487
-7064.810055555556,-2509.117764705882,-2089.656487179487
-3145.902945945946,-4175.562466666666,-3452.3558358208957
-4471.2077291666665,-3122.036926829269,-4892.959686746987
-6978.896095238095,-2115.520971428571,-2089.656487179487
-7739.375315789472,-5918.375615384615,-1223.4410344827586
-6978.896095238095,-2115.520971428571,-2089.656487179487
-5573.622967741936,-2498.2281379310343,-3137.533436363636
-8795.272277777776,-5918.375615384615,-1223.4410344827586
-8795.272277777776,-5918.375615384615,-1223.4410344827586
-5530.196184210527,-2352.981447761194,-1521.1636222222226
-4249.972346153846,-3208.703967213115,-4309.855163934427
-3766.1824615384626,-4315.173519999999,-3260.2593846153854
-3636.6091,-4026.255859375,-4101.056684210526
-4050.3728780487804,-2346.0888620689657,-3326.7875714285724
-5573.622967741936,-2498.2281379310343,-3137.533436363636
-6224.732642857142,-3820.0280967741937,-1470.8900487804879
-5406.996243243244,-2035.7190793650793,-2082.8983012048184
-7019.475055555555,-3484.642115384615,-1593.562931034483
-8451.350071428571,-6154.350642857143,-2081.951125
-3632.7649399999996,-3243.168888888889,-2262.8252473118278
-4796.093265306122,-2937.992973333334,-2284.1703195876285
-4834.506810810812,-2730.8190933333335,-1960.5412222222228
-3357.2714313725496,-3252.7143055555557,-4533.374204301074
-6145.8635454545465,-3748.498606557377,-3434.0520188679243
-5386.042913043478,-2786.0461212121213,-1831.4737549019608
-5224.4078,-4536.644499999999,-3851.5964166666663
-5480.881063829787,-2605.707371428572,-2298.414154545454
-5050.044288888888,-3042.3490000000006,-2472.2476363636356
-7523.88194117647,-3967.1050666666665,-1470.8900487804879
-5705.19228125,-2041.4476499999998,-3003.6275789473684
-5386.042913043478,-2786.0461212121213,-1831.4737549019608
-7739.375315789472,-5918.375615384615,-1223.4410344827586
-8451.350071428571,-6154.350642857143,-2081.951125
-3906.363021276595,-3480.4507833333337,-2194.0176296296295
-4571.965133333333,-2282.1916891891897,-2838.101529411764
-8192.165277777776,-5918.375615384615,-1223.4410344827586
-3874.0851555555555,-2329.9862000000003,-3370.034915492958
-6145.8635454545465,-3748.498606557377,-3434.0520188679243
-5847.180695652175,-3926.9783333333335,-3455.8653448275863
-6012.498333333334,-2149.9057647058826,-2052.5847524752476
-7523.88194117647,-3967.1050666666665,-1470.8900487804879
-5114.589384615384,-3759.1086896551724,-1470.8900487804879
-4873.11476,-3137.006296296296,-4204.1870500000005
-5372.319487179488,-2781.006397058824,-2148.584443298969
-4079.8531730769228,-3105.2161486486493,-4643.252285714284
-3978.792886363636,-2407.8394027777777,-3945.7240263157887
-6826.4811,-3176.3638064516126,-2748.5509736842105
-7848.441333333333,-6154.350642857143,-2081.951125
-5847.180695652175,-3926.9783333333335,-3455.8653448275863
-4571.806465116279,-1760.6218235294116,-3196.611138613862
-4712.254449999999,-5074.140298507463,-3255.8760454545463
-8192.165277777776,-5918.375615384615,-1223.4410344827586
-9546.705583333334,-3301.4261578947367,-1871.7504333333336
-4573.375022222222,-2545.016161764706,-2696.636028301886
-5075.4101219512195,-2500.181115942029,-2444.056009090909
-6978.896095238095,-2115.520971428571,-2089.656487179487
-5459.322166666667,-2786.0461212121213,-1831.4737549019608
-4019.90664102564,-1924.9119605263159,-4760.5508924731175
-7523.88194117647,-3967.1050666666665,-1470.8900487804879
-8192.165277777776,-5918.375615384615,-1223.4410344827586
-4331.023023255813,-2689.7836923076925,-4317.038915789473
-6826.4811,-3176.3638064516126,-2748.5509736842105
-9505.58790909091,-3301.4261578947367,-1871.7504333333336
-4877.425484848485,-3813.4654691358023,-3667.2437118644075
-4331.023023255813,-2689.7836923076925,-4317.038915789473
-9546.705583333334,-3301.4261578947367,-1871.7504333333336
-5679.630694915254,-3517.56403125,-2897.9426944444444
-6826.4811,-3176.3638064516126,-2748.5509736842105
-6826.4811,-3176.3638064516126,-2748.5509736842105
-3940.697821428571,-4599.993082191781,-3220.528160714285
-4812.4705348837215,-1876.8359846153846,-2858.792733944953
-9180.467692307693,-8072.2204999999985,-1294.470785714286
-3287.583902439025,-2554.8442692307694,-4088.627893617021
-5095.28617948718,-2602.0515223880598,-3208.352268817204
-6053.123225806451,-2996.259985714285,-3027.9211443298964
-3386.444475000001,-2690.70138271605,-3775.8292527472527
-5103.086463414634,-2206.9493934426227,-2944.3936874999995
-5757.829114285713,-3059.104460526316,-2589.4763595505615
-9546.705583333334,-3301.4261578947367,-1871.7504333333336
-6917.0089285714275,-6154.350642857143,-2081.951125
-6917.0089285714275,-6154.350642857143,-2081.951125
-4449.342476190476,-2689.7836923076925,-4317.038915789473
-5103.086463414634,-2206.9493934426227,-2944.3936874999995
-9999,-6725.109307692308,-3739.4282727272725
-2671.251974358974,-2979.4441379310338,-4238.512397435897
-5820.898787878788,-3491.218448275862,-3153.960191489363
-9180.467692307693,-8072.2204999999985,-1294.470785714286
-4423.4202894736845,-3041.665548780488,-3147.597337078651
-5312.898209302326,-2004.046565789473,-2856.954786516854
-5312.898209302326,-2004.046565789473,-2856.954786516854
-4078.0973529411763,-4603.682253333333,-3224.606031746032
-5899.157290322581,-3446.238081081082,-2255.667797619048
-5268.296631578947,-2158.0043484848484,-3226.7638839285714
-6025.085968750001,-3290.08424590164,-2584.6643214285714
-7168.8199,-2861.535735294118,-2311.4280679611657
-3417.4081555555563,-3014.151633802817,-3342.2138118811886
-9999,-6725.109307692308,-3739.4282727272725
-6396.6147200000005,-2563.33665060241,-2358.9114230769223
-2671.251974358974,-2979.4441379310338,-4238.512397435897
-5899.155806451613,-4186.17943076923,-1546.6596624999995
-3417.4081555555563,-3014.151633802817,-3342.2138118811886
-6108.145133333333,-3901.976304347826,-2374.807539325843
-7156.298653846154,-3076.76378125,-1797.1186489361705
-9999,-3852.587,-3021.089771428571
-6108.145133333333,-3901.976304347826,-2374.807539325843
-6105.317763157895,-3115.449921875,-3562.7629662921354
-4821.2461111111115,-2992.0986619718306,-2999.8692525252536
-8029.263727272727,-6725.109307692308,-3739.4282727272725
-6359.925142857142,-2622.827457142857,-2557.5770099999995
-6393.020681818182,-2750.554390243902,-1923.3729436619712
-8029.263727272727,-6725.109307692308,-3739.4282727272725
-6324.121434782609,-3444.108046875,-2086.6430114942527
-5286.140222222222,-2521.3732173913045,-2802.2812500000005
-4301.832948717949,-3057.611935483871,-3393.042968085107
-4301.832948717949,-3057.611935483871,-3393.042968085107
-4301.832948717949,-3057.611935483871,-3393.042968085107
-9999,-3852.587,-3021.089771428571
-3881.0932368421054,-3605.4331940298507,-3897.4629450549446
-9999,-3852.587,-3021.089771428571
-9999,-3852.587,-3021.089771428571
-6107.3315999999995,-4044.82262295082,-1986.6033846153846
-7849.2424,-3852.587,-3021.089771428571
-3603.0565416666664,-3266.9128571428573,-3609.6176288659785
-7849.2424,-3852.587,-3021.089771428571
-4701.9148958333335,-2626.43403125,-3717.667564705882
-6345.10153125,-2421.6509861111113,-2566.200166666668
-5755.34104,-3585.91095,-2453.141521276595
-6753.513555555555,-4414.4096271186445,-2631.4966896551723
-6919.040645161291,-4649.326426470587,-1303.926431818182
-6753.513555555555,-4414.4096271186445,-2631.4966896551723
-5974.7070540540535,-3906.790567164179,-2102.0617096774185
-7849.2424,-5762.752200000001,-2912.7873333333337
-6919.040645161291,-4649.326426470587,-1303.926431818182
-5008.285,-3326.9893593749994,-3426.486554455444
-6161.510361111112,-3166.07,-2527.8179800000003
-6338.72846875,-4113.746551724137,-1560.3584166666676
-5361.156156249999,-3072.120133333333,-3564.169184466019
-7849.2424,-5762.752200000001,-2912.7873333333337
-5816.2499285714275,-3418.8547352941177,-2502.813864077669
-6220.97364516129,-4265.009955223881,-1891.2898720930227
-7849.2424,-5762.752200000001,-2912.7873333333337
-5361.156156249999,-3072.120133333333,-3564.169184466019
-6843.956486486486,-3926.763206349207,-2739.222
-7999.471594594595,-3716.765028169013,-1165.4552962962964
-7547.0930384615385,-3535.453762711865,-2043.9924134615383
-7849.2424,-5762.752200000001,-2912.7873333333337
-7849.2424,-5762.752200000001,-2912.7873333333337
-7547.0930384615385,-3535.453762711865,-2043.9924134615383
-7871.307485714286,-4436.249246153845,-1328.2616813186814
-8324.087236842106,-3485.5678533333326,-1639.8330113636368
-6220.97364516129,-3966.5079275362323,-1851.2912959183664
-6141.1845151515145,-4006.1295818181816,-633.1952702702704
-8138.034470588236,-3597.981671232875,-1360.1512333333335
-8138.034470588236,-3597.981671232875,-1360.1512333333335
-6141.1845151515145,-4006.1295818181816,-633.1952702702704
-7246.732555555556,-2685.9501147540986,-1829.2501666666665
-8138.034470588236,-3597.981671232875,-1360.1512333333335
-5328.38448,-3790.827735849056,-727.9040869565218
-7853.387,-6468.7935,-2912.7873333333337
-7853.387,-6468.7935,-2912.7873333333337
-7853.387,-6468.7935,-2912.7873333333337
-588.3889705882352,-1005.6190491803279,-6579.3606875
-729.8311538461535,-3353.6926338028175,-5695.453708333331
-3073.33,-4366.208280701754,-4165.740074074074
-153.22796610169496,-4237.320618421051,-4071.5709629629623
-592.4223220338978,-4326.617688073395,-3351.495276595745
-5633.361176470587,-1938.572738095238,-3281.6948749999997
-5042.659166666666,-3297.090710526316,-3078.0580784313725
-5633.361176470587,-1938.572738095238,-3281.6948749999997
-5079.256418604651,-2115.3278730158727,-3028.2408124999993
-4869.692823529411,-1587.841892857143,-1892.7082527472521
-4869.692823529411,-1587.841892857143,-1892.7082527472521
-4869.692823529411,-1587.841892857143,-1892.7082527472521
-4049.11685,-1932.1138333333329,-2651.080313725491
-6648.764217391304,-2445.5514406779666,-2810.8020750000005
-3249.943517241379,-2366.951078125,-3346.6455135135134
-5760.796307692306,-1977.0618666666664,-1949.9772022471907
-5928.859636363636,-2206.647,-2460.349033707865
-6300.157714285713,-2206.647,-2460.349033707865
-6300.157714285713,-2206.647,-2460.349033707865
-4562.2351,-2137.295,-2926.7035339805816
-4562.2351,-2137.295,-2926.7035339805816
-4015.963,-2255.8404516129026,-2845.1025656565666
-4015.963,-2255.8404516129026,-2845.1025656565666
-2695.990636363636,-2333.0605416666667,-3074.2269901960785
-3463.298864864865,-2168.371028169014,-2945.775591836735
-2429.0518292682927,-3058.624403225807,-2951.0747941176473
-2657.137805555556,-2219.2739014084505,-2895.268594059407
-2312.893025641026,-3058.624403225807,-2951.0747941176473
-3043.6919767441864,-2923.3195,-3091.2914329896903
-2210.9518421052626,-1853.144676923077,-3265.305961904762
-3025.831684210526,-2489.4164615384616,-3576.799517241379
-2073.7893095238096,-2510.8427936507937,-2803.7964020618556
-2758.8914130434778,-2651.1152249999996,-4383.229628571428
-3246.484574468085,-2239.359428571428,-3947.0556741573027
-3680.069177777778,-2613.862266666667,-3966.4204761904757
-2439.9305652173916,-2707.2527631578946,-3966.4204761904757
-2051.0253818181823,-3435.452604395605,-3371.0822916666657
-2147.7461276595745,-2344.601408450704,-3947.0556741573027
-2063.0444727272734,-3439.4061318681324,-3482.386552083333
-2602.79914,-3185.3783373493975,-3366.8017083333325
-2857.1405918367345,-3726.3508108108113,-4281.930836538462
-1879.664642857143,-3798.1954615384616,-3874.838956989246
-1879.664642857143,-3798.1954615384616,-3874.838956989246
-2008.112975,-3902.8879662921354,-4306.260564356434
-1883.25630952381,-4140.8508764044955,-4011.1092395833316
-2082.6448125,-3549.451385416667,-4729.991366666666
-636.3613695652174,-3760.616962264152,-3174.643837837838
-1164.9299130434779,-2855.541458715596,-2586.989945945946
-636.3613695652174,-3760.616962264152,-3174.643837837838
-1164.9299130434779,-2855.541458715596,-2586.989945945946
-636.3613695652174,-3760.616962264152,-3174.643837837838
-2258.7891914893617,-3840.034166666669,-2568.7290394736838
-1292.9023953488377,-3988.5516694214875,-3065.523846153846
-1292.9023953488377,-3988.5516694214875,-3065.523846153846
-669.1276739130436,-4380.35923275862,-3537.2432999999996
-1149.3903529411762,-3805.7029624060165,-2995.1863285714294
-1693.999301886792,-4630.348798319328,-2786.5195750000007
-2530.924064516129,-2756.38846825397,-3000.6082763157888
-2408.1267540983604,-2427.7637360000012,-2935.0165138888883
-1386.835872727272,-4081.620515873017,-2875.562543209877
-1551.5984038461543,-4129.464774774775,-2920.0866851851847
-1477.444660377359,-4429.634786324787,-2968.2059999999997
-2530.924064516129,-2756.38846825397,-3000.6082763157888
-3976.470431034482,-3051.3854285714287,-2764.1086436781607
-4018.5914833333327,-2901.0396999999994,-2454.0091686746982
-2867.2394799999997,-4446.628981818182,-2892.504722222222
-3445.149827586207,-2717.7974761904757,-3180.4127285714276
-2830.7432222222224,-3737.841817307693,-2135.9925875
-2577.073979166667,-3602.840302325581,-2788.562298507462
-3201.1382542372876,-2957.425710280373,-3675.3107076923066
-3205.362094339623,-3173.479233009708,-3386.3139718309862
-2851.694604166667,-2928.102045977011,-2075.9498395061723
-3143.542840909091,-3030.3353799999995,-3438.4560307692304
-2553.9017346938776,-2848.148640449438,-2075.9498395061723
-2829.012311111111,-2062.8528444444446,-3650.691014084506
-2671.8068200000002,-2763.7046521739126,-3388.7723239436614
-4357.028035714286,-3124.852730337078,-2911.379369863013
-2906.1925744680852,-1834.2199753086422,-3503.9901973684196
-2906.1925744680852,-1834.2199753086422,-3503.9901973684196
-3966.874958333334,-2085.390419753087,-3221.4104130434785
-3912.6800196078443,-2085.390419753087,-3221.4104130434785
-3972.0408181818193,-1748.1353124999998,-2519.2553604651152
-5020.53106779661,-2944.583505263157,-2433.775047619047
-5289.864054545455,-2364.873171052631,-3237.546136842105
-5558.681288135592,-2953.6212325581396,-2433.775047619047
-5289.864054545455,-2364.873171052631,-3237.546136842105
-5390.700553571429,-2306.5641818181816,-3176.8360531914886
-5509.489689655173,-2590.7128863636362,-3368.345387755102
-5289.864054545455,-2364.873171052631,-3237.546136842105
-6036.720058823531,-1550.62645,-2362.715278846153
-4508.570341463415,-2088.510060975609,-2866.7991274509804
-4126.633659574469,-1682.7247301587302,-2424.175449438202
-3811.4976744186047,-1269.7501690140843,-2569.4130186915886
-6758.10296226415,-1958.9323589743587,-3147.64016
-4804.503955555557,-1408.7771475409836,-1849.841357142857
-3846.9552222222233,-1269.7501690140843,-2569.4130186915886
-4550.167538461539,-2071.3291363636363,-2128.422318181818
-6126.372727272727,-1272.4186619718312,-1867.3153232323227
-5961.472480000001,-1882.6933802816898,-1160.6860526315786
-6234.546166666667,-2241.842727272727,-1758.4200937500002
-6998.851433962265,-2163.407875,-1305.1572555555556
-5978.29241509434,-805.1857692307694,-2520.387587499999
-6861.3898431372545,-1641.582369230769,-1603.2479594594588
-6184.619380952381,-1518.7466301369864,-1915.750878787878
-6466.849313725492,-2520.3252976190474,-2215.802975609756
-6275.329186046512,-1566.6363235294116,-2361.2284117647064
-6107.464073170732,-2220.013641791045,-2682.389692307692
-4817.645974358974,-2189.9684705882355,-1873.7207352941168
-5648.262386363638,-2220.013641791045,-2682.389692307692
-5271.462111111112,-2202.635690140845,-2308.2221466666656
-6104.6654878048785,-2341.406028169014,-1852.5581285714286
-5271.462111111112,-2202.635690140845,-2308.2221466666656
-4560.63487804878,-1779.0879000000007,-2385.2351643835605
-5561.954813953488,-3325.84493442623,-967.7658333333335
-6800.837302325582,-3289.078066666667,-1524.1355000000003
-5959.438965517242,-3679.1255633802816,-748.5743731343283
-5959.438965517242,-3679.1255633802816,-748.5743731343283
-5959.438965517242,-3679.1255633802816,-748.5743731343283
-6220.0558064516135,-3826.027915492957,-748.5743731343283
-5851.327326086957,-3260.947677419355,-967.7658333333335
-6308.814807692308,-4396.7663999999995,-743.0814347826087
-6220.0558064516135,-3826.027915492957,-748.5743731343283
-5103.203733333333,-3515.3786000000005,-2222.814166666667
-2884.431470588235,-2744.3274285714283,-4931.304932692307
-2359.4993823529408,-3710.0061034482756,-3483.2943725490186
-3112.196333333333,-2909.883861538461,-5126.722028301888
-2259.282724137931,-3734.4446119402983,-4233.7989150943395
-1553.3778064516125,-2737.74274025974,-4454.374278350515
-3370.2639354838707,-2909.883861538461,-5126.722028301888
-2212.6638787878787,-3213.6850307692307,-3156.8404329896894
-1368.0552105263157,-1239.4400153846152,-3846.784249999999
-1725.2823157894738,-2235.1459531249993,-3342.598233009707
-1336.596347826087,-2005.3811282051283,-3503.2077254901947
-1426.3397906976745,-1419.1497882352942,-4139.357762886597
-612.7101904761903,-2332.092217948718,-3963.2749600000016
-2712.437823529411,-1697.3315476190473,-3760.86238888889
-2347.8496250000003,-1292.5095111111116,-4404.525361702126
-612.7101904761903,-2332.092217948718,-3963.2749600000016
-1860.113466666666,-2093.817102564102,-4884.49596590909
-2256.9582000000005,-1692.8841647058825,-3533.360463157896
-1860.113466666666,-2093.817102564102,-4884.49596590909
-2738.390836734694,-1027.2456153846153,-4121.995284210525
-3086.5912142857137,-2851.61819047619,-4383.229628571428
-2008.3216666666667,-1661.3638000000008,-3347.942183908045
-1877.6868070175442,-2477.969988235294,-3158.7289058823544
-2597.0154117647057,-2860.38235443038,-3536.47348888889
-1693.2315737704914,-3299.7901758241755,-3722.6680505050504
-1088.70175,-3216.9384772727276,-4187.808988505748
-2597.0154117647057,-2860.38235443038,-3536.47348888889
-2216.127933333333,-2235.522527027027,-4251.087356435644
-2216.127933333333,-2235.522527027027,-4251.087356435644
-2844.4760697674424,-2369.738772727273,-3902.490792452831
-1779.06296,-3106.0515882352934,-4160.995662650602
-1636.4378787878786,-2809.629890243903,-4191.80668131868
-1306.8314666666665,-2692.4879655172413,-3637.9629892473104
-1688.886023809524,-1978.022480519481,-4220.455915789474
-1636.4378787878786,-2809.629890243903,-4191.80668131868
-2703.885951219512,-2585.400485714286,-4457.872133333333
-576.8386666666665,-2809.629890243903,-4191.80668131868
-2154.408785714286,-2756.5246455696206,-4040.189655555555
-2924.0568571428566,-2638.163305263158,-3562.3930804597685
-2147.6722222222224,-2322.4555340909096,-3875.6625294117625
-2877.9420217391303,-2758.5960740740743,-3504.83325
-2256.0283333333327,-3227.8009444444447,-4556.361252427185
-2366.7177500000007,-2426.1568202247195,-3663.1237241379295
-2544.1668863636364,-3245.3258055555557,-3911.7542345679003
-2117.7797105263153,-3444.871592105263,-4860.083428571429
-3752.056372093024,-4350.112189999999,-3419.626163043479
-2069.471942857143,-2689.8173802816905,-4457.872133333333
-3772.858023255814,-4019.4533333333325,-2784.8993736263724
-2466.2172826086958,-4400.279546391752,-3420.5297900000005
-1914.6355833333337,-3639.5117019230765,-2727.88
-2900.5336829268294,-3639.5117019230765,-2727.88
-2231.544934782609,-4098.928198019802,-4367.912987179487
-2939.836723404254,-3279.472000000001,-3178.549746666667
-2742.6875,-3873.0965500000007,-4145.395205882353
-3505.4671515151513,-2482.4936637168134,-2911.272454545454
-2742.6875,-3873.0965500000007,-4145.395205882353
-2455.4948,-3993.556096774195,-3861.6006493506493
-2962.3277073170734,-3483.1941415094348,-3673.2856250000004
-2982.519,-2024.9750892857137,-3228.18625
-2594.1540975609764,-3497.116324561404,-3980.535786885246
-3129.871788461538,-3148.3300695652174,-2783.466376623377
-1671.908260869565,-4016.1668367346942,-4545.002589041096
-1671.908260869565,-4016.1668367346942,-4545.002589041096
-2353.7353090909096,-3725.910737704918,-2680.572897727272
-1671.908260869565,-4016.1668367346942,-4545.002589041096
-2160.6041929824564,-4238.320398058251,-2736.4619799999996
-3260.3043529411766,-3629.434723214285,-1767.0529531250002
-2064.40278,-3376.8798415841584,-3219.6424545454543
-2433.5156444444447,-3603.4001517857146,-3276.176444444444
-4293.518460000001,-3928.586600000001,-2756.445686567164
-3856.8359302325584,-3779.984818181818,-2600.1494383561644
-2132.4888431372547,-2964.5102391304345,-3754.2090735294123
-2761.335901960784,-2950.1582947368415,-3754.2090735294123
-2442.0883269230767,-2742.9091170212755,-2852.382573170731
-2937.9729111111114,-4004.0465465116276,-1729.0752388059702
-3495.579,-1833.6606336633656,-3357.2974096385533
-4618.644745762713,-2583.8178333333326,-1980.1733
-3734.999367346939,-3744.8775116279066,-1911.9574788732393
-3003.992745454546,-2813.5790454545445,-3498.8752625
-2780.1168297872346,-3503.8431666666656,-2609.352851851851
-3003.992745454546,-2813.5790454545445,-3498.8752625
-4517.705862068966,-2714.474911392405,-2543.6227625
-3900.4897884615393,-2427.4949913793093,-3100.8469999999993
-3839.5482181818184,-2974.6716543209873,-2005.7593623188407
-4076.0219672131157,-2505.0347619047616,-2359.153707317074
-3674.940076923077,-3292.65504,-2912.35116091954
-4423.303322033899,-2926.181252525252,-2125.6463703703707
-4345.5279843749995,-2878.203722222222,-2394.107666666667
-4106.287407407407,-2637.7515138888893,-3690.4184936708853
-4896.177641509433,-2878.4119090909094,-1650.8330229885055
-3594.285571428571,-2328.0780666666656,-1368.4199325842692
-4764.6183571428555,-2961.515395061729,-2539.6522659574466
-4764.6183571428555,-2961.515395061729,-2539.6522659574466
-4911.083511627906,-2622.9537837837843,-2570.2263333333335
-5246.229166666666,-2697.898564705882,-3146.4327128712866
-5356.985267857143,-2742.601722891567,-2453.6833645833335
-4359.645919999999,-2664.2757999999994,-2555.894263736264
-5156.465071428572,-2028.692174418605,-2886.690039603961
-3918.5235438596487,-2601.2255555555544,-1574.191859154929
-5764.993586956522,-1545.7137654320989,-2713.5496000000007
-5123.607714285714,-2500.2295074626873,-2249.3972045454543
-5929.226324324325,-2205.0261710526315,-3005.9900199999997
-4523.308428571428,-3032.897076923076,-2400.9984788732395
-6277.122517241379,-1707.333507042254,-3790.8555894736837
-4523.048968253967,-3032.897076923076,-2400.9984788732395
-5612.426446808511,-1545.7137654320989,-2713.5496000000007
-5804.465897959184,-2132.6608309859153,-2653.79334065934
-5800.49187037037,-1787.9361805555552,-3785.068567010309
-4088.794203125001,-2945.3801186440664,-2641.7732295081964
-4815.781516666666,-2138.1110410958895,-2690.7841647058826
-5762.245426229509,-1268.2479838709678,-2490.4196082474227
-4529.654149253732,-1979.5708983050852,-3648.039786885246
-5322.8962830188675,-1538.7664687499998,-2322.5341702127657
-5621.311576271186,-1400.770096774193,-2875.820112244899
-5992.224145833333,-1191.0184354838714,-2317.824790697674
-4191.698857142857,-2110.1373432835817,-3483.100447761194
-4929.686313725491,-1422.314862068965,-1835.5356250000002
-4418.982152173912,-1669.2693281249997,-1907.3302061855668
-3911.342133333333,-2258.0479692307695,-2053.984857142857
-3911.342133333333,-2258.0479692307695,-2053.984857142857
-4185.708318181818,-2911.899723684211,-2238.0250263157905
-4666.438035714285,-895.167303030303,-3090.029473684211
-6389.935767857142,-1631.7497166666674,-2202.0999999999985
-5772.438976744186,-1092.0501864406779,-1150.4640000000004
-5791.803684210526,-998.929818181818,-1907.29348
-5931.161702127661,-1313.2202833333336,-2324.2817333333323
-5267.020244444444,-1265.8720666666663,-2153.9219753086413
-5109.30023076923,-3016.7493750000012,-2023.2070263157893
-6076.670369565216,-1747.3771230769232,-2533.0365352112663
-5109.30023076923,-3016.7493750000012,-2023.2070263157893
-5606.206978260869,-1278.0124259259255,-2252.3573466666658
-6008.318812499999,-1738.8688965517247,-2360.57642253521
-6076.670369565216,-1747.3771230769232,-2533.0365352112663
-4388.633647058823,-2675.7067999999995,-2925.4431230769223
-6076.670369565216,-1747.3771230769232,-2533.0365352112663
-6442.185878787877,-3082.524342857142,-2937.965666666665
-6797.826484848485,-1919.3703768115947,-1378.3188648648654
-5746.361359999999,-3233.485385714285,-1107.8101038961042
-5746.361359999999,-3233.485385714285,-1107.8101038961042
-7559.5547179487185,-2807.6355294117648,-881.8957894736847
-5400.086533333333,-3049.3662253521125,-2167.451012195121
-4086.7306176470593,-2965.9699090909103,-1000.6465500000002
-4709.578411764705,-2655.8821372549028,-290.6082533333333
-6199.49458974359,-1848.3018076923074,-1575.3261000000002
-6629.334909090909,-2890.71052542373,-961.8400000000006
-5965.717238095238,-1704.9219074074074,-1019.5184705882353
-7559.5547179487185,-2807.6355294117648,-881.8957894736847
-4245.094485714286,-2800.722634615386,-1383.0684186046512
-4295.0291282051285,-2803.918931034484,-2157.0143999999987
-5590.761499999999,-2691.377719298246,-841.943942028985
-6767.013888888888,-3170.694852459016,-199.27255696202533
-4707.2243,-2209.7486610169494,-2081.3675844155828
-6091.256394736841,-3681.749947368421,-1265.456277777778
-6275.910108108107,-2721.252614035088,-894.9696144578315
-5614.551468750001,166.99637499999997,-2402.5892125000005
-5794.926583333334,-581.90815625,-2397.8523372093027
-5794.926583333334,-581.90815625,-2397.8523372093027
-6489.186540540541,44.13098113207547,-2493.0543783783787
-5794.926583333334,-581.90815625,-2397.8523372093027
-4609.880923076923,-272.9004411764706,-2396.957811111111
-4593.467096774193,-1315.4375322580643,-4504.063596491227
-3334.079904761905,-665.1304166666665,-1754.3877951807226
-4513.8235476190475,-1786.0359999999996,-2215.923395604395
-4513.8235476190475,-1786.0359999999996,-2215.923395604395
-5256.539703703705,-448.90176271186436,-2556.139199999999
-4474.3711136363645,-1503.5946666666662,-2067.7969058823537
-3259.6146875,-2099.574972222222,-2909.022141176471
-3194.4761200000007,-991.9632839506169,-1769.1677439024397
-3194.4761200000007,-991.9632839506169,-1769.1677439024397
-5250.319295454546,-1818.990833333333,-2376.7671264367823
-4844.216027777778,-832.2780895522388,-1920.598987012988
-4740.584580645162,-722.6161111111112,-2813.7940000000003
-5376.232020833334,-785.6201830985917,-1987.8995949367095
-3616.1364285714285,-1949.0322820512818,-2863.2348395061736
-5573.744864864865,-571.0743380281689,-2711.005985294117
-2904.230886363636,-1686.4564999999993,-3778.6020813953487
-4805.198111111112,-722.6161111111112,-2813.7940000000003
-4217.215563636363,-779.8997333333334,-2661.3878493150687
-4805.198111111112,-722.6161111111112,-2813.7940000000003
-5573.744864864865,-571.0743380281689,-2711.005985294117
-2621.0761063829787,-1629.7924875,-3456.887522222222
-5806.936952380951,-353.02275757575745,-3063.2407538461534
-4299.182142857142,-876.5269999999999,-3081.358652173912
-5806.936952380951,-353.02275757575745,-3063.2407538461534
-2785.4494888888894,-576.0852238805967,-3493.1706428571424
-4375.39804347826,-437.40755737704933,-2875.4428593749994
-2927.821367346938,-1080.768359375,-3344.849149425287
-2765.215976744186,-2032.4956621621618,-3827.101735632184
-5055.341923076922,-1718.1961639344265,-3549.8852363636356
-3208.426977272727,-2189.4873220338977,-3461.7176896551728
-4759.811914893616,-1696.4929090909093,-3262.363580645161
-2109.926809523809,-1777.6097866666657,-4884.49596590909
-3524.7340769230773,-1194.352327586207,-3730.352972972972
-2778.6223414634146,-2100.413625,-4355.4216375
-4458.049206349205,-1687.5029117647061,-2738.291903225806
-2744.705111111112,-3178.946027777777,-3806.814950617283
-3332.603086956521,-1812.429246376812,-3783.7299176470574
-2365.2480434782615,-3178.946027777777,-3806.814950617283
-3508.8113461538474,-2267.8474512195116,-3646.1677297297297
-3218.639565217391,-2744.588734177214,-3492.594025974026
-3218.639565217391,-2744.588734177214,-3492.594025974026
-3819.4003773584905,-2072.1342624999993,-3646.1677297297297
-3957.9435714285714,-2169.847283783783,-3304.880722222222
-3575.8613478260863,-3349.2411599999996,-3614.670541666667
-3519.541296296296,-2874.416878378378,-3922.587303797467
-2237.2683783783787,-2386.6578526315784,-3294.439182926829
-2790.2631147540988,-2765.8559749999995,-4432.173563380281
-2895.5772580645153,-2948.3434857142865,-3740.1476285714275
-2982.4039393939383,-2894.5330909090917,-3740.1476285714275
-2586.7845283018864,-2823.1461772151893,-4432.173563380281
-3371.631333333334,-3157.626850574713,-3833.9837466666654
-2747.6556666666665,-2645.519505494505,-2044.1779718309863
-3371.631333333334,-3157.626850574713,-3833.9837466666654
-2746.7888235294126,-2994.65475,-4202.074382352941
-3273.102344827586,-2464.554469135803,-3376.448106060606
-1976.8744000000004,-3382.931892473118,-2749.499233766233
-1976.8744000000004,-3382.931892473118,-2749.499233766233
-1976.8744000000004,-3382.931892473118,-2749.499233766233
-2854.1423728813556,-2734.7161578947366,-2044.1779718309863
-1976.8744000000004,-3382.931892473118,-2749.499233766233
-3587.7828181818168,-3218.5570144927533,-3515.798424242424
-1976.8744000000004,-3382.931892473118,-2749.499233766233
-2854.1423728813556,-2734.7161578947366,-2044.1779718309863
-3001.535714285714,-3264.351835051546,-2119.126214285714
-3459.041146666666,-2518.2069898989894,-1630.3562461538463
-3034.570916666666,-2396.109818181818,-1630.3562461538463
-2298.976930232559,-3180.0704137931034,-3366.6567415730333
-2246.1733541666677,-2685.106785714285,-3768.2347833333333
-3240.1827187499994,-3456.4118999999996,-4658.590099999999
-3325.943370370371,-2649.745808219179,-3776.9127777777776
-2282.195866666667,-2618.2916385542176,-2544.5222999999996
-2556.592624999999,-2579.9964326923073,-3363.7318620689657
-2684.5521764705886,-2632.542575471698,-3329.17131147541
-2282.195866666667,-2618.2916385542176,-2544.5222999999996
-2437.1604888888896,-3369.1327499999984,-3592.265847457627
-2047.0038400000008,-3218.6045,-2893.4134642857143
-2030.9490655737711,-2995.2276597938135,-2903.9927692307692
-2109.364551020409,-2968.2331958762884,-2457.39984
-844.1872264150938,-3519.2077450980382,-2551.9399347826084
-2428.4832619047615,-4172.596479999999,-3019.4328837209305
-1009.3816199999997,-3878.2554672897186,-3333.787325
-2605.6256274509788,-4623.697027777776,-3019.4328837209305
-2428.4832619047615,-4172.596479999999,-3019.4328837209305
-2843.4674130434782,-2820.195999999999,-3628.752333333334
-3226.3173,-3120.790803571427,-3595.1188653846157
-1335.4970769230774,-4852.075068181818,-3257.2971578947363
-2007.8299189189188,-3779.611104166666,-2372.1572291666666
-2389.8838823529404,-3609.529522935778,-3595.1188653846157
-1781.2021914893617,-3758.606021739129,-2474.8485681818183
-3266.9556486486485,-3989.4554152542364,-2798.674879310345
-1626.7002608695652,-3976.3787469879508,-2419.4746875
-2359.391499999999,-4282.740727272726,-2597.9878095238096
-1528.5953333333334,-3771.18439361702,-2959.1146170212764
-1842.3650212765958,-3547.0066224489774,-2959.1146170212764
-1502.9915283018865,-3986.247538461538,-3498.6192195121953
-2278.5041400000005,-3508.6034128440356,-3091.5257500000002
-1441.1586170212765,-3208.3458586956503,-3498.6192195121953
-1918.4186481481486,-4068.46284347826,-3188.3400344827587
-3283.512023255814,-3471.7211808510633,-3317.3174583333334
-2614.96926984127,-4652.8009569892465,-2082.5424999999996
-2487.8676470588234,-4297.1385338983055,-2998.539421875
-3489.0078235294113,-3693.890464646465,-2525.609903846154
-3310.6079999999997,-3531.743314285714,-2892.234063829787
-2865.7523269230765,-4023.263330508474,-2998.539421875
-3644.169962264151,-4026.0332700000004,-3506.7116603773584
-3489.0078235294113,-3693.890464646465,-2525.609903846154
-3950.032333333333,-4580.853675438597,-3196.984395348837
-3252.0609607843144,-3847.9425510204082,-2614.5169607843136
-3030.9823749999996,-4069.9865555555557,-3552.5756199999996
-2800.4994230769225,-3813.2789387755097,-3434.8720408163263
-2792.475239130435,-3342.7247047619044,-2705.0231509433966
-2619.1648596491214,-4815.920538461539,-2863.3074
-1576.9107647058822,-3152.7745638297874,-2898.171531914894
-3265.5283061224486,-3699.708352380951,-2162.2869859154935
-3025.832634615384,-3192.5935612244903,-3430.6798260869573
-2620.501,-2676.756387755102,-3536.01588
-2754.2988627450973,-3589.3720810810782,-2922.8155799999995
-3025.832634615384,-3192.5935612244903,-3430.6798260869573
-2939.7989642857146,-2773.3862471910106,-3552.9384545454545
-2355.1043684210526,-4214.931828828828,-2922.69336
-2810.4394642857146,-3878.965532110089,-2865.695166666667
-2602.2273773584907,-3895.7909099099065,-3125.2144716981134
-2996.765255319149,-3631.878084905658,-2225.731085714286
-1090.6733846153852,-5534.6795930232565,-2988.123666666667
-1475.8390892857149,-5043.14135483871,-3006.643891304348
-1747.2091454545455,-3225.505011235956,-4253.575512195123
-1509.8212352941177,-4315.638308510637,-3537.1878679245283
-2049.95246,-4445.4704943820225,-1754.1356901408449
-2671.5942826086953,-4449.115133333332,-3272.646688524591
-1894.2650392156856,-5490.3552,-3620.627549019608
-3082.2288627450985,-3221.652969387755,-2526.9860340909095
-3688.3731860465123,-2545.5671099999995,-2610.941247191012
-2405.1537872340423,-4360.607101123595,-3272.646688524591
-2141.1593269230766,-4436.153109890109,-2537.3105081967205
-2405.1537872340423,-4360.607101123595,-3272.646688524591
-2237.216877192983,-3776.785845238095,-3025.407980392157
-1331.8992244897956,-4359.29119178082,-3554.54772972973
-1202.7231914893616,-4366.113013888888,-5047.899113636363
-2578.2893035714283,-4479.540698795181,-3270.3488
-1061.356414634146,-2869.2035,-4243.541868421053
-1744.0050204081629,-5131.561657142856,-4703.55311627907
-1790.6801842105258,-3794.540637681159,-5245.639369565217
-3311.7651428571435,-3223.287794871794,-2938.036779411765
-1439.5732558139534,-2920.7648840579714,-4536.016025
-1439.5732558139534,-2920.7648840579714,-4536.016025
-1790.6801842105258,-3794.540637681159,-5245.639369565217
-2977.7055333333337,-2759.2360810810806,-2651.501186046512
-1790.6801842105258,-3794.540637681159,-5245.639369565217
-4102.072833333334,-2236.6005499999997,-2987.8256486486484
-3312.6126808510644,-2856.764481481481,-3246.659925
-2977.7055333333337,-2759.2360810810806,-2651.501186046512
-1671.4191590909088,-3330.6368028169013,-4441.72268888889
-3923.1496481481486,-3484.8406666666656,-3271.9868219178084
-3902.818488372095,-2187.8950819672123,-4111.582564516129
-3064.388977272727,-3586.05783076923,-5828.97132
-2521.409117647058,-2889.3137093023247,-4992.102291666667
-3064.388977272727,-3586.05783076923,-5828.97132
-4443.927577777778,-2232.0352121212118,-4776.291677966102
-3648.382833333333,-2716.5322812499994,-5355.591000000001
-3513.2633191489367,-2716.5322812499994,-5355.591000000001
-2881.6518,-2850.817452380951,-5213.714666666667
-2989.2602321428567,-2749.8986666666656,-4868.953966101696
-3513.2633191489367,-2716.5322812499994,-5355.591000000001
-3402.3338823529402,-2221.175295774647,-2203.45062195122
-3256.734638297874,-2397.378448275861,-4111.582564516129
-3441.6227209302333,-2540.9241351351343,-3735.752301204819
-3699.1519,-2069.850081967212,-1778.0250285714283
-2937.540078431373,-2406.1474827586203,-4125.606164179104
-2184.1551020408165,-2765.1508928571416,-3185.824579710145
-3934.059142857142,-3411.1869629629628,-5593.4672
-2975.295589285716,-2762.260088235292,-5394.495376811595
-3113.595571428572,-2790.05286153846,-5428.546402777778
-4074.863816326531,-2713.14774074074,-5194.615916666666
-4560.126578125,-3234.0202372881345,-2137.9021710526313
-3651.772433962263,-1196.6371186440676,-4064.07693220339
-1969.2556226415093,-3102.962758620688,-3712.1967042253523
-2396.7513571428576,-2027.413225806451,-2584.3110645161282
-3957.8875208333334,-2713.14774074074,-5194.615916666666
-3609.616571428571,-1231.8568518518516,-3010.9830483870965
-2157.997555555556,-1168.3959074074073,-3230.0328095238087
-2912.4338124999995,-3197.074,-5387.4472000000005
-3384.1623898305074,-2444.5463965517247,-3528.3869571428577
-2654.0017599999996,-1131.0738913043479,-2159.6207580645155
-3384.1623898305074,-2444.5463965517247,-3528.3869571428577
-3805.9054374999996,-2203.9279183673475,-4181.061583333333
-3465.5217560975607,-2938.3270895522373,-5979.2244406779655
-3189.79772881356,-3261.2647272727263,-5208.0473103448285
-3357.666266666667,-2203.9279183673475,-4181.061583333333
-2721.2358913043486,-2801.2070943396225,-3912.339194444443
-3159.3318928571434,-759.1811904761909,-4345.223518518519
-3189.79772881356,-3261.2647272727263,-5208.0473103448285
-3717.973232142858,-2772.66937254902,-5078.06996969697
-3895.6035740740754,-1154.9502903225807,-3730.6747931034483
-3531.88262,-3558.0885076923078,-3854.949876712328
-2650.958819444444,-2183.3010655737703,-3996.9345945945956
-3336.920392156863,-1138.7126190476188,-5131.765666666668
-5144.340260869564,-2911.4510322580645,-2953.381619047619
-3599.542022222223,-1622.1611549295783,-3922.776194029851
-2929.99386885246,-2698.8832727272716,-5253.683222222222
-3963.6655882352948,-1460.0199666666667,-4691.530424242425
-3963.6655882352948,-1460.0199666666667,-4691.530424242425
-4459.146423076923,-1628.1704507042255,-4099.815869565217
-3061.9756792452845,-2698.8832727272716,-5253.683222222222
-3240.429214285715,-2422.806999999999,-4969.292234375
-3527.158369565218,-1493.3928214285713,-4691.530424242425
-5220.704758620688,-2028.1906774193546,-3165.9338055555554
-4374.131200000001,-1697.2091846153853,-3616.5617101449275
-4053.3532448979586,-2241.488611940298,-4504.703652777778
-5481.458237288134,-1949.2285147058817,-3608.6931388888893
-5730.512019999998,-1949.2285147058817,-3608.6931388888893
-3783.642489361702,-2593.785206349206,-4519.1189125
-4953.116145833334,-2141.7018333333344,-5173.170357142856
-3784.203980392156,-2593.785206349206,-4519.1189125
-5310.566510638297,-2867.0709322033895,-5158.106830769231
-5310.566510638297,-2867.0709322033895,-5158.106830769231
-5979.147813953489,-1871.8846250000006,-2379.58191025641
-5050.1810256410245,-3423.192166666667,-2315.3953050847463
-4109.3987307692305,-3124.854098360655,-3831.8593380281695
-4517.25096,-2233.422213114754,-4585.536289855075
-5986.556225,-2586.229261904761,-2782.464807228915
-5522.297027027026,-4121.575327272728,-2251.231685185185
-6349.299138888889,-1571.0341956521743,-5032.933375
-4629.275131578947,-3584.262458333333,-2298.9616086956516
-4533.644756756757,-3910.413127659574,-2911.750013888888
-5522.297027027026,-4121.575327272728,-2251.231685185185
-5577.939860465116,-3107.715979591836,-2543.662774193548
-5449.319487179488,-2066.807296875,-4452.662253731343
-5779.773027777777,-4207.8433958333335,-2038.3961833333333
-5860.248682926828,-3372.035811320754,-2371.5068813559324
-2024.7962758620686,-1746.4798813559323,-4519.544900000001
-5123.965064516129,-3127.143519999999,-2061.7596716417906
-6404.065621621619,-2891.6311571428573,-2052.657105263158
-4222.636909090909,-3510.623734693876,-2941.1900156249994
-5137.732914285713,-3451.0753673469376,-2736.294728813559
-4846.0252,-1497.0539803921563,-4179.348402985072
-4152.674928571429,-2811.0828444444455,-3032.482476923077
-5687.509783783783,-3383.439301886793,-714.77475
-6399.060866666668,-2162.7527818181816,-2677.6192999999994
-3616.829583333334,-3119.5771276595747,-3684.135034482758
-6141.467642857143,-1721.7405750000005,-3306.6082222222212
-3319.7326428571428,-2039.722277777778,-2345.7789452054794
-5342.282625,-3485.1507142857145,-1286.7690895522387
-3319.7326428571428,-2039.722277777778,-2345.7789452054794
-6924.776357142857,-2192.4593777777777,-2968.529192982455
-3361.8307499999996,-2927.038256410257,-2951.561646153845
-2836.6793448275857,-2732.792421052631,-2781.946242857142
-6505.503642857142,-2084.8692790697673,-3400.1301562499993
-6339.70071875,-2891.6732105263163,-1327.9745428571423
-3816.8031600000004,-2780.44557142857,-2145.432858974359
-5937.67394117647,-3368.2457592592596,-1844.9466769230773
-5456.263208333334,-2882.8264324324314,-1938.831521739131
-5568.5,-2882.8264324324314,-1938.831521739131
-5937.67394117647,-3368.2457592592596,-1844.9466769230773
-5456.263208333334,-2882.8264324324314,-1938.831521739131
-4789.887130434783,-2790.0938571428565,-2084.6744246575345
-5568.5,-2882.8264324324314,-1938.831521739131
-6853.301749999999,-3448.710686274511,-1029.6047283950616
-6121.581393939393,-3425.6579056603773,-2571.637880597015
-6121.581393939393,-3425.6579056603773,-2571.637880597015
-6121.581393939393,-3425.6579056603773,-2571.637880597015
-6645.1264999999985,-3265.222659574468,-2036.7679999999996
-7326.421285714285,-2774.4654,-1286.726161764706
-4740.584580645162,-722.6161111111112,-2813.7940000000003
-5693.801818181818,-5234.523513513513,-292.5719090909093
-5693.801818181818,-5234.523513513513,-292.5719090909093
-5693.801818181818,-5234.523513513513,-292.5719090909093
-5693.801818181818,-5234.523513513513,-292.5719090909093
-5693.801818181818,-5234.523513513513,-292.5719090909093
-5693.801818181818,-5234.523513513513,-292.5719090909093
-4740.661111111111,-3957.913714285714,-665.6656744186048
-5253.308999999999,-4674.407727272726,-34.992803571428645
-7481.473571428571,-3753.09511111111,-1105.1544259259263
-5616.516875,-1719.5228947368416,-1319.0355272727277
-4124.533636363637,-1634.8374883720928,-2171.0219482758625
-4124.533636363637,-1634.8374883720928,-2171.0219482758625
-6765.681363636363,-1741.0364444444451,-2759.5222096774196
-6765.681363636363,-1741.0364444444451,-2759.5222096774196
-6380.711739130435,-1741.0364444444451,-2759.5222096774196
-6380.711739130435,-1741.0364444444451,-2759.5222096774196
-6380.711739130435,-1741.0364444444451,-2759.5222096774196
-4673.970909090909,-1634.8374883720928,-2171.0219482758625
-5530.184137931035,-1816.0914117647064,-3390.5588679245275
-4593.467096774193,-1315.4375322580643,-4504.063596491227
-3645.33576923077,-1146.0660181818184,-3834.338454545454
-3880.6566666666677,-1146.0660181818184,-3834.338454545454
-4593.467096774193,-1315.4375322580643,-4504.063596491227
-4356.873235294117,-944.2489508196718,-4157.211229508197
-4814.342972972972,-944.2489508196718,-4157.211229508197
-4408.2753125,-909.3499333333333,-2595.6662857142846
-3609.6003571428564,-909.3499333333333,-2595.6662857142846
-2112.6392592592592,-1421.465105263157,-2604.920326923076
-4199.688378378379,-597.1868142857145,-2497.2611612903224
-4686.182631578947,-460.92865217391324,-2497.2611612903224
-4397.171249999999,-1050.4873548387093,-3244.114672413793
-5024.804166666666,-681.6518955223879,-3339.4285333333332
-4055.008611111111,-1636.2689344262294,-2004.0458727272733
-5855.938499999998,-1059.2956551724135,-1819.9542608695651
-5855.938499999998,-1059.2956551724135,-1819.9542608695651
-6252.339512195121,-990.6546909090906,-2052.5403125000003
-4575.9445945945945,-605.9200161290321,-4373.328031746031
-3719.342909090909,-798.243454545455,-3733.415037735848
-4092.0947222222208,-1479.7721632653065,-3057.7905161290314
-4092.0947222222208,-1479.7721632653065,-3057.7905161290314
-4950.8260344827595,-1882.9657090909093,-3305.900964285714
-3114.9195121951234,-1278.2930181818185,-2901.7567142857147
-3570.478333333334,-2733.0091818181827,-3523.455712121212
-3149.6609859154937,-3037.5447656250008,-4760.698898305084
-2403.2652307692297,-3463.9275535714273,-3884.125823529412
-2399.764085714286,-3221.602283018868,-3809.5686799999994
-2419.52208108108,-4851.550462962962,-4536.77150877193
-1906.762763888889,-4068.294074074074,-3941.5486612903223
-1726.8334054054058,-3450.324423076923,-3078.365779661017
-2756.611461538462,-3206.8414528301882,-5482.27911111111
-1087.1320746268652,-3501.470811320754,-3412.8216666666667
-1628.6483538461537,-3494.0918305084742,-4315.6792
-1628.6483538461537,-3494.0918305084742,-4315.6792
-1058.2292835820895,-3388.436830188679,-3871.569681818182
-1946.5528571428565,-4455.145578124999,-3996.5929302325576
-2393.657014084507,-5132.393732142856,-3912.2796046511626
-800.8453384615386,-5344.4088474576265,-3952.0901578947364
-1975.3056271186447,-5948.941116666668,-4091.6923260869567
-19.67621666666665,-4686.076576923077,-4150.666025641026
-1671.744868852459,-4612.22793877551,-3977.078711111111
-1327.3725937499999,-5258.782979591836,-4221.205088888889
-2266.541148148148,-4628.985265822783,-2859.079333333333
-1136.947836065574,-5145.373127272727,-4221.205088888889
-1306.3422500000001,-6326.363242857143,-4091.6923260869567
-408.4907384615384,-5054.131898305085,-4221.205088888889
-1387.9881186440673,-6200.432907894736,-3679.554581395349
-613.0683103448275,-5123.103623188405,-3657.517780487805
-320.87072131147545,-5074.129966101695,-3657.517780487805
-1533.4476140350882,-4988.063382022471,-3652.0788695652172
-1296.13207936508,-4819.473895348837,-3787.119744680851
-50.87342857142866,-5110.796141025641,-3729.5947441860462
-476.20524999999986,-5489.867857142857,-3116.2542765957446
-121.35828260869575,-5261.457382352942,-3729.5947441860462
-922.57404,-5019.042422535212,-3729.5947441860462
-1124.1580000000006,-5282.350842105264,-3397.1826734693877
-1699.8069245283016,-4349.521876923078,-4726.305838709676
-2274.936468085106,-5206.955384615385,-5292.2488378378375
-1969.3702727272725,-5522.430461538461,-4580.0132631578945
-2274.936468085106,-5206.955384615385,-5292.2488378378375
-1478.066354166666,-4475.455081967213,-5109.738125
-1361.4034878048778,-3966.9509230769236,-5896.9717
-1361.4034878048778,-3966.9509230769236,-5896.9717
-2362.7234464285716,-4707.474447761195,-4959.688794871794
-1819.4691136363633,-4366.113013888888,-5047.899113636363
-1935.056416666667,-3969.8313387096773,-5391.341767441861
-820.0313076923078,-3552.0040491803284,-4654.541714285714
-1131.8224642857137,-3537.5722931034484,-4918.761435897437
-1761.3769047619044,-3425.6026515151516,-6003.724781818182
-1915.539791666667,-4336.692550000001,-5447.238390243902
-1241.205038461538,-3840.298453125001,-4548.879642857142
-1846.1825510204087,-5004.83852631579,-4615.546333333333
-1238.0131632653058,-4514.536681818182,-5136.823703703703
-1194.3759387755103,-4869.083560606061,-6221.944534482758
-1493.8637333333331,-4802.7691904761905,-6000.096454545454
-2997.6897142857147,-3315.4143600000007,-4777.3522456140345
-1529.6026140350878,-4496.632106060607,-6486.382799999999
-2829.2848444444453,-3490.6604310344833,-6119.815399999999
-1924.0775000000003,-2881.8185000000003,-4466.355800000001
-2418.7778510638313,-3787.169355932204,-6004.848540983606
-2380.4339130434787,-3061.698166666667,-4572.306274509804
-2350.3164680851073,-3526.6726271186435,-5661.781063829788
-2163.155853658537,-3342.28486440678,-4567.89824489796
-1133.8742244897958,-3299.5734210526316,-5661.781063829788
-3513.806897435897,-3120.8196153846147,-4994.087413793104
-1713.1740612244903,-2643.7802968750007,-5497.826580000001
-2893.216243243243,-3572.459186440678,-6055.348391891891
-3328.1397894736856,-2698.9490740740735,-4980.650133333333
-2896.9583823529415,-3327.4417307692306,-5071.538647058824
-2896.9583823529415,-3327.4417307692306,-5071.538647058824
-3725.6651666666667,-3665.493529411765,-4828.25504477612
-3820.7181086956525,-4507.07861111111,-5928.2794722222225
-2202.1910967741937,-1638.092779661017,-5259.089259259258
-2238.0049999999987,-2730.713836363637,-5059.752459016394
-3742.895642857143,-4098.380446808511,-4999.218076923076
-3544.477820512821,-2232.3614791666664,-4346.40556451613
-5836.51124137931,-1595.0154255319144,-3416.6061333333337
-5131.598925925926,-1871.9317608695653,-3362.7712931034484
-5231.460722222222,-2048.0002452830195,-4025.9448906250004
-3474.440666666667,-2466.4501874999987,-3611.301358208955
-4634.928187500001,-2250.206094339623,-4061.5467627118646
-5231.460722222222,-2048.0002452830195,-4025.9448906250004
-4634.928187500001,-2250.206094339623,-4061.5467627118646
-2962.295782608695,-1643.7243260869575,-4387.748166666667
-2304.2311666666665,-2363.5869818181823,-4532.680696969697
-3139.1106,-2884.2700784313724,-4800.927701492537
-2759.3464814814815,-2363.5869818181823,-4532.680696969697
-1837.7735416666667,-3242.0682127659575,-2809.7326250000006
-5503.668124999999,-3073.572391304346,-1218.8728958333334
-5403.541538461538,-2620.0838636363637,-2615.9102413793103
-5403.541538461538,-2620.0838636363637,-2615.9102413793103
-5101.82,-2304.327659574468,-2774.2031071428573
-3738.237894736843,-565.1120625000001,-3594.6126615384615
-5521.127916666667,-2303.309318181818,-3423.3555555555554
-5373.885555555556,-2304.327659574468,-2774.2031071428573
-3738.237894736843,-565.1120625000001,-3594.6126615384615
-5594.2080000000005,-2514.9491666666663,-2305.6308055555555
-4030.6977777777774,-1021.4365849056616,-3629.2367258064514
-4030.6977777777774,-1021.4365849056616,-3629.2367258064514
-2935.5651999999995,-1807.55394117647,-2120.6226333333334
-5696.68303030303,-1838.4608108108105,-3189.1711111111113
-5240.1148,-1042.3875283018876,-3629.2367258064514
-5696.68303030303,-1838.4608108108105,-3189.1711111111113
-5696.68303030303,-1838.4608108108105,-3189.1711111111113
-5696.68303030303,-1838.4608108108105,-3189.1711111111113
-6542.73588235294,-1084.3278947368417,-2146.480660714286
-5342.808571428571,-2017.490413043479,-4168.853306122449
-6455.782333333333,-1650.6255106382991,-3661.306367346939
-4795.247058823528,-1636.2689344262294,-2004.0458727272733
-6672.4228125,-1950.8245094339616,-3040.574677419355
-3846.5464,-2056.198673913045,-3505.0614117647056
-4245.419354838709,-2037.626809523809,-2522.8556271186435
-3846.5464,-2056.198673913045,-3505.0614117647056
-5124.843902439024,-605.9200161290321,-4373.328031746031
-3906.3486486486495,-834.2439019607841,-2608.4241803278683
-2682.4957692307685,-2491.9304318181826,-3505.0614117647056
-3068.3075000000003,-1268.3531041666665,-2608.4241803278683
-4072.042499999998,-2145.6658620689645,-1967.079764705883
-2963.409230769231,-1823.696566037736,-2020.9566491228074
-3246.6245945945943,-1943.8427586206897,-1967.079764705883
-2657.3542857142857,-1183.8816333333334,-2441.5538064516127
-2657.3542857142857,-1183.8816333333334,-2441.5538064516127
-2682.4957692307685,-2491.9304318181826,-3505.0614117647056
-3939.395135135135,-939.7018214285721,-4142.753374999999
-2657.3542857142857,-1183.8816333333334,-2441.5538064516127
-1616.864782608695,-1085.3499069767445,-3631.161766666666
-3939.395135135135,-939.7018214285721,-4142.753374999999
-2963.409230769231,-1823.696566037736,-2020.9566491228074
-3299.6366666666663,-1943.8427586206897,-1967.079764705883
-1300.3836363636362,-923.0993999999998,-4366.37879245283
-3649.694444444444,-2139.1648867924528,-3310.3695084745764
-1731.8861538461538,-3331.084723404255,-2932.5719803921565
-1180.1446666666673,-3080.8324912280696,-3224.4880000000003
-1180.1446666666673,-3080.8324912280696,-3224.4880000000003
-2695.224888888888,-2144.7613750000014,-3787.6805714285706
-1731.8861538461538,-3331.084723404255,-2932.5719803921565
-2334.2856521739127,-2007.1792666666674,-4090.2701454545445
-2184.0116071428565,-2614.3570204081634,-2690.7359811320757
-1720.0318749999997,-3080.8324912280696,-3224.4880000000003
-1566.1191891891892,-3177.0977142857128,-2400.2594716981134
-1720.0318749999997,-3080.8324912280696,-3224.4880000000003
-2184.0116071428565,-2614.3570204081634,-2690.7359811320757
-1554.1630434782612,-2339.3559999999998,-2092.375872727273
-1720.0318749999997,-3080.8324912280696,-3224.4880000000003
-2816.3892857142855,-3582.487829787234,-2026.4852452830194
-2416.679666666666,-4295.353,-3009.07516981132
-1144.7384615384617,-2339.3559999999998,-2092.375872727273
-1702.3788461538463,-3066.2925999999993,-3047.848
-2812.8443749999997,-3115.5471764705876,-3919.0256296296284
-2202.832238805969,-2644.872377358491,-3385.8251836734703
-2634.271159420289,-3456.777862745098,-4156.7264000000005
-1655.6,-2957.7060000000006,-3781.122424999999
-2251.546451612903,-4295.353,-3009.07516981132
-2542.8945588235283,-3463.9275535714273,-3884.125823529412
-2707.9520833333336,-4384.6347173913055,-3801.6851666666666
23.066956521739385,-2574.392800000001,-4592.784219512196
-3470.3999999999996,-4131.267559322033,-3679.95965116279
-1984.7022641509432,-4101.947090909091,-3111.037879310345
-2542.8308,-4504.109085106383,-4463.1056
-1076.5290322580647,-3519.385266666666,-2947.3408148148146
-1180.3453333333339,-2908.3419387755102,-3341.4312826086966
-2533.0103571428576,-4643.025369565218,-4463.1056
-396.84479999999996,-2352.261595744681,-3341.4312826086966
-2010.3204000000003,-4399.550840909092,-3801.6851666666666
-396.84479999999996,-2352.261595744681,-3341.4312826086966
-2101.4539999999993,-6829.268857142856,-3083.2877818181814
-1506.8697962962963,-3278.977410714286,-3925.267625000001
-506.5530434782607,-1992.0706666666667,-4592.784219512196
-2101.4539999999993,-6829.268857142856,-3083.2877818181814
-1117.2753846153842,-2091.8678571428572,-4592.784219512196
-1577.6590377358489,-3726.978916666667,-3925.267625000001
-1674.235384615385,-2908.3419387755102,-3341.4312826086966
-1858.3175999999994,-1925.7158846153848,-4719.228977272727
-2045.3554285714283,-6732.806291666665,-3253.4747547169814
-1538.95818,-4550.289761904762,-2676.1653728813562
-1858.3175999999994,-1925.7158846153848,-4719.228977272727
-1265.9150000000004,-3542.2392222222225,-3786.4340476190473
-2078.88488372093,-6663.312808510637,-3253.4747547169814
-1398.0545396825394,-4513.319793650792,-4938.044921568628
-1325.4931818181815,-2002.6571764705886,-4719.228977272727
-1668.3925272727276,-4498.1993478260865,-2676.1653728813562
-1753.8391304347824,-1248.440303571428,-4719.228977272727
-2124.4966666666674,-4724.937000000001,-4296.995363636363
-1510.6037894736844,-4484.929280701754,-5414.57075
-1781.94076923077,-4068.152150000001,-4084.9311320754714
-875.7236666666669,-3542.2392222222225,-3786.4340476190473
-1508.2040000000002,-1913.1085714285714,-4959.179931818182
-1058.6407317073174,-3645.6271500000003,-4199.680244444445
-1856.2514827586206,-4570.354483333332,-5414.57075
-2001.4718,-5758.960672131146,-2725.912923076923
-993.5058644067799,-4484.929280701754,-5414.57075
-2506.7132653061226,-5736.4879482758615,-2725.912923076923
-495.87580645161296,-1788.7547090909093,-4197.27431372549
-781.33875,-1788.7547090909093,-4197.27431372549
-2122.2809803921573,-5534.507016666667,-2725.912923076923
-2450.3204383561633,-4698.951366666666,-3971.7990851063823
-874.5613888888888,-3444.166816666667,-4199.680244444445
-878.6206451612908,-2284.4573333333333,-4082.70444
8.317352941176429,-2692.564983870968,-4655.912571428571
-374.3341379310342,-3297.0924745762713,-4186.154288888889
-700.3596666666668,-3370.148896551724,-4186.154288888889
-1572.603068965517,-4356.789213114754,-3669.163226415094
-1732.6695820895525,-5384.910345454545,-4296.928644067796
-1270.0203214285716,-4447.792612903226,-3669.163226415094
-3635.6907843137246,-6220.49644,-2593.100431372549
-794.8978260869565,-1950.3330961538459,-4199.2829210526315
-3382.950204081632,-5476.736581818181,-2593.100431372549
-666.2609677419356,-3541.2326071428574,-4298.564760869565
-2868.1254339622633,-5365.821035714284,-3155.8076530612243
-1221.3234146341465,-4327.372032258065,-4171.888422222222
-1436.7007142857144,-4314.360931034483,-5002.7370909090905
-1775.6045820895522,-4660.948428571427,-4150.666025641026
-1436.7007142857144,-4314.360931034483,-5002.7370909090905
-1436.7007142857144,-4314.360931034483,-5002.7370909090905
-1683.957340909091,-4916.088253731344,-3681.6132444444443
-744.2972058823531,-4034.7291636363634,-5017.327181818181
-1683.957340909091,-4916.088253731344,-3681.6132444444443
-2864.0866399999995,-4781.88425,-3332.8939038461535
-51.46738596491229,-4483.311592592592,-4703.894195121951
-278.80815217391313,-5600.574081967212,-4050.2266833333333
629.1423800000001,-4934.860610169491,-4138.469
-2047.4652631578945,-3688.037580645161,-4613.48294117647
-2765.7951724137934,-1674.3618478260867,-4134.494093023256
-341.8667142857143,-5420.202035714285,-4050.2266833333333
-1282.63734375,-4489.190927272727,-4873.618040816326
-2365.894807692308,-3822.0257058823527,-5341.238978723404
-2365.894807692308,-3822.0257058823527,-5341.238978723404
-1645.3402711864405,-5132.038612903226,-5028.07452173913
-1041.468173076923,-5370.008699999999,-3729.5947441860462
-1645.3402711864405,-5132.038612903226,-5028.07452173913
-2365.894807692308,-3822.0257058823527,-5341.238978723404
-2247.6161199999997,-5130.971104166668,-4183.922803921569
-2152.602181818182,-5457.209949152542,-3728.867533333333
-2153.829150943396,-5099.139271186441,-3626.3554782608694
-1574.9702000000002,-3624.737571428572,-5138.570906976744
-1691.1777083333334,-3380.4625384615388,-4612.35759574468
-1185.3772631578947,-3852.7186226415092,-4217.720408163265
-970.0655714285715,-4169.8832931034485,-4000.5291363636366
-1129.8034871794873,-3852.7186226415092,-4217.720408163265
-2362.7234464285716,-4707.474447761195,-4959.688794871794
-2499.2232352941173,-2810.419537037037,-5696.9171739130425
-535.5810256410257,-3675.7593958333346,-5201.25102173913
-1173.2682051282052,-3456.3715000000016,-5201.25102173913
-1837.6922222222227,-3292.1134666666676,-6238.166468085105
-611.3562499999996,-3835.840807017544,-6580.447557692309
-21.651341463414578,-5000.0063859649135,-4248.09809090909
344.5324,-3497.639824561404,-6930.32485106383
91.15531250000006,-4096.332961538462,-6912.431234042553
-294.1046153846154,-3685.709152542374,-5225.549386363637
-63.168782608695615,-4354.6980892857155,-4732.447854166666
-281.3605384615384,-4820.632545454546,-6408.335217391304
-709.4458695652169,-3304.8530196078436,-5737.970980769231
-709.4458695652169,-3304.8530196078436,-5737.970980769231
-200.53595238095238,-3870.921771929824,-6697.23206
116.76599999999996,-2429.335764705883,-5384.823869565217
103.54088235294122,-3818.9753090909085,-6912.431234042553
-140.71330232558114,-5033.767596491228,-6328.542666666666
-744.9010370370369,-3581.364655172414,-4654.541714285714
-30.68644444444439,-4097.472298245613,-6697.23206
-717.6763793103445,-2960.1304464285713,-5439.015764705882
-83.07846153846157,-2727.3915178571433,-5249.259808510638
-83.07846153846157,-2727.3915178571433,-5249.259808510638
-208.29738775510205,-4818.694140350877,-6376.272930232558
88.97804761904767,-4901.717293103447,-6328.542666666666
-57.038243902438985,-4922.296178571429,-4392.813255319148
-120.6213589743591,-4709.462062500001,-6702.624999999999
-345.2634722222222,-3713.255222222223,-5669.544142857143
-1896.6063111111123,-4821.548694915255,-4624.274
-117.97982051282065,-4439.414295081967,-6702.624999999999
144.92942105263157,-4455.28929032258,-5299.387219512195
-1984.684765957448,-5072.070532258065,-4624.274
-636.8743103448274,-2178.257422222223,-4828.949604651162
118.873875,-3664.715438596492,-5865.074863636363
145.60490322580665,-3731.417378378379,-5754.157711111112
-944.500675,-4385.066196721312,-5299.387219512195
212.77190322580662,-3887.1513809523813,-5753.8763777777785
145.60490322580665,-3731.417378378379,-5754.157711111112
-2288.1564117647063,-4887.039386666666,-6176.03301754386
-1767.0947115384622,-5264.4039999999995,-6360.387824561403
-1303.1378,-4746.257222222222,-5245.564442622952
355.42865217391306,-2915.6041282051287,-5886.593530612245
-2350.3164680851073,-3526.6726271186435,-5661.781063829788
355.42865217391306,-2915.6041282051287,-5886.593530612245
-1303.1378,-4746.257222222222,-5245.564442622952
-2323.397692307692,-3049.214666666666,-5680.35058064516
-1068.689206896552,-5228.562744186046,-4631.62788
-1068.689206896552,-5228.562744186046,-4631.62788
-2455.841843749999,-4446.644462962962,-6083.207673076924
-1464.8049687500004,-3897.11270689655,-5796.9296081081075
-1464.8049687500004,-3897.11270689655,-5796.9296081081075
-2952.143935483871,-5092.409222222221,-5556.767660714288
-3640.9743448275867,-2922.140813953487,-3521.656962264152
-3855.444666666667,-2666.6597209302304,-3489.9185357142865
-2178.686093750001,-4068.6572599999986,-5796.9296081081075
-3855.444666666667,-2666.6597209302304,-3489.9185357142865
-3855.444666666667,-2666.6597209302304,-3489.9185357142865
-4033.7747241379307,-2296.5835957446798,-3489.9185357142865
-3019.65505882353,-2843.5579090909073,-3611.301358208955
-3151.042393939394,-2466.4501874999987,-3611.301358208955
-3181.4209259259255,-1459.5566956521743,-3712.1096190476187
-2197.0417380952385,-2834.828901639343,-6022.554641791045
