x,y,elev,ndvi,bio,sm,tem,pre
89.0316,27.8791,4856,0.333,741.76,2955,-1.3,3015
86.5233,28.0446,5245,-0.017,-9999,2477,-6.933333333333333,3548
89.1575,28.0727,4925,0.1592,529.115,2615,-0.4583333333333333,2684
91.0001,28.1073,3483,0.41,1868.4,2807,6.208333333333334,5806
88.5648,28.1226,5109,0.1946,534.014,2896,-2.775,2580
91.1033,28.1741,3951,0.4444,1172.85,2556,5.383333333333334,4725
85.8011,28.2107,5136,-0.0195,-9999,2121,-7.691666666666667,3747
91.1445,28.2178,4905,0.1944,755.108,2629,-0.9083333333333334,3717
91.2439,28.2371,4894,0.2652,-9999,2817,1.1,3673
89.5511,28.2606,4638,0.1178,611.142,2540,0.8583333333333334,2617
85.8233,28.2769,5337,0.095,574.356,2372,-7.341666666666667,3404
87.596,28.2778,5700,0.0602,-9999,2249,-8.8,2405
88.7493,28.2886,4680,0.2072,549.4,2573,-0.08333333333333334,2569
87.9376,28.3087,5377,0.1542,-9999,2519,-4.475,2500
86.0413,28.3203,4164,0.2639,710.207,2381,3.6916666666666664,5364
88.6623,28.321,4677,0.1866,594.336,2650,0.6,2715
87.5579,28.333,4611,0.1604,650.729,2561,-1.325,3553
89.1131,28.3446,4786,0.1245,521.635,2691,-0.075,2429
88.561,28.378,4554,0.1604,648.224,2382,1.3583333333333334,2886
86.2919,28.4081,5738,0.0462,-9999,2801,-8.833333333333332,2691
87.6859,28.4261,4200,0.1501,861.577,2090,2.966666666666667,4918
86.5353,28.4524,4871,0.171,669.67,2589,0.6583333333333333,4013
88.148,28.4962,4687,0.1715,632.674,2541,-0.15,2970
86.7419,28.5294,4694,0.1898,768.799,2761,0.1,3689
90.0389,28.5356,4874,0.1197,537.464,2750,-1.8,2541
90.8335,28.6047,5258,0.2721,-9999,2751,-3.066666666666667,3050
86.5867,28.6246,4414,0.3349,662.102,2805,2.816666666666667,4697
87.8486,28.6255,4231,0.1337,1011.83,2349,3.2083333333333335,4694
87.0158,28.6456,4504,0.1229,646.822,2339,0.7916666666666667,3897
88.7596,28.6573,4931,0.2757,648.711,2770,-1.5166666666666666,2290
85.7438,28.6603,4828,0.1085,639.18,2231,-0.6333333333333333,3631
90.072,28.6836,5385,0.1484,-9999,2797,-4.55,2402
88.4002,28.7013,5560,0.1193,532.847,2510,-6.775,1980
90.2159,28.7042,5336,0.1069,817.575,2884,-4.208333333333334,2579
89.6632,28.7118,4608,0.1621,684.381,2706,0.8,2509
90.3408,28.7277,4739,0.2654,782.048,2917,0,2867
89.4589,28.754,4600,0.18,523.774,2814,-0.075,2437
86.2421,28.7814,4757,0.1406,742.142,2774,-0.09166666666666666,3348
88.6782,28.7852,4996,0.2359,813.846,2909,-1.7166666666666668,2268
84.8933,28.8006,5748,0.0067,-9999,2868,-6.041666666666666,3306
85.1881,28.8214,4980,0.096,-9999,2335,-1.4833333333333334,3420
89.5289,28.827,4305,0.1812,712.063,2380,3.5083333333333337,2769
85.999,28.8311,5208,0.1481,-9999,2479,-2.8666666666666667,2894
89.3174,28.8606,4357,0.2382,682.067,2893,3.075,2774
88.1884,28.8904,5189,0.2703,895.232,2788,-3.058333333333333,2245
84.3466,28.8966,5496,0.0115,-9999,2684,-9.841666666666669,3359
91.0835,28.9001,4524,0.2269,-9999,2908,1.1083333333333334,3241
88.9841,28.9005,4440,0.1863,-9999,2759,2.458333333333333,2781
84.3995,28.9075,6076,0.0565,-9999,2156,-12.291666666666668,3048
91.2177,28.9352,4662,0.2347,-9999,2716,1.6916666666666669,3254
85.9383,28.9472,5710,0.0729,595.372,2314,-8.775,2346
85.7535,29.0083,5200,0.1357,745.016,2857,-4.175,2701
91.0324,29.0299,5186,0.2323,825.31,2853,-1.0916666666666666,3157
88.2337,29.0345,4431,0.2447,604.677,2802,2.6,3452
89.7561,29.0987,4878,0.3306,847.202,2910,-1.9416666666666669,2541
84.2509,29.1118,5069,0.0338,-9999,2747,-3.45,3296
88.4615,29.1871,3961,0.1179,1012.73,2475,5.366666666666666,4238
91.03,29.1923,4318,0.3734,973.242,2682,2.925,3470
86.5858,29.1931,4643,0.1942,735.573,2631,1.825,3413
88.5794,29.2303,4462,0.2717,757.682,2772,2.225,3069
86.6056,29.2337,4715,0.1595,735.888,2814,1.0166666666666666,3164
90.3413,29.2723,5643,0.138,-9999,2543,-5.683333333333334,2797
87.7001,29.2915,4637,0.2151,761.586,2878,0.3,3059
86.6313,29.297,4533,0.1294,706.723,2782,1.4166666666666663,3150
86.2299,29.2971,5138,0.1514,653.944,2807,-2.15,2434
89.2485,29.309,4109,0.2023,620.941,2358,3.8916666666666666,3602
85.7702,29.324,4898,0.1237,660.475,2764,-0.6833333333333333,2604
90.5048,29.3248,4427,0.4367,1356.68,2738,3.1333333333333333,3605
85.6004,29.3394,4947,0.1512,662.2,2752,-1.55,2481
90.8664,29.3539,3785,0.2425,810.263,2232,6.675,4055
86.8669,29.4048,4701,0.2075,716.079,2643,0.6666666666666667,2905
89.8253,29.4532,5436,0.3216,456.259,2807,-6.841666666666667,2534
83.5525,29.4571,4996,0.1271,564.688,2270,-3.025,3577
89.1839,29.4652,4534,0.454,901.959,2781,2.375,3361
86.2839,29.4754,5057,0.1911,639.913,2697,-2.416666666666667,2250
88.5674,29.5042,4455,0.2009,886.033,2875,2.6416666666666666,3367
88.3916,29.5581,5474,0.174,-9999,2531,-4.341666666666667,2129
86.8117,29.6248,5463,0.1083,-9999,2543,-6.4833333333333325,1804
87.6693,29.6324,4184,0.166,793.636,2829,4.341666666666667,4218
85.7793,29.6561,5337,0.2014,768.171,2266,-4.433333333333334,1998
83.109,29.6766,5190,0.2151,537.461,2411,-6.9,3495
86.6469,29.6903,5576,0.2467,670.245,2622,-6.7666666666666675,1779
88.3175,29.6994,4760,0.2306,868.037,2738,0.4333333333333333,2956
87.3399,29.7752,5313,0.1267,491.764,2348,-3.725,1943
90.8805,29.7846,5276,0.162,581.77,2606,-3.191666666666667,3591
90.3401,29.7992,4468,0.4449,974.441,2713,2.475,3783
85.5936,29.8158,5377,0.2059,582.228,2795,-6.441666666666667,1813
89.8967,29.8182,4968,0.4154,609.893,2687,-2.7,3227
87.2393,29.8653,4870,0.1529,657.87,2784,-0.15833333333333333,2486
83.7512,29.8969,5085,0.1121,637.794,2356,-2.6,2563
87.5369,29.9439,4655,0.2141,1050.81,2713,1.575,3053
87.8857,29.9443,5561,0.1393,-9999,2810,-5.158333333333333,2012
84.275,29.9709,5333,0.293,668.304,2747,-5.6,1975
84.7277,29.9732,5648,0.2186,615.342,2234,-8,1730
83.6656,29.9752,5141,0.157,604.148,2642,-3.6833333333333336,2435
84.9479,29.984,5765,0.0932,-9999,2656,-10.633333333333333,1605
89.4434,29.989,5246,0.1624,570.928,2582,-4.016666666666667,3045
87.2851,29.9917,5388,0.0814,-9999,2519,-3.275,1980
87.5453,29.9974,5104,0.0915,-9999,2739,-1.5833333333333337,2375
86.6483,29.9998,5393,0.1335,693.45,2365,-3.6916666666666664,1850
87.7839,30.0091,5465,0.067,-9999,2563,-4.975,1975
84.835,30.0282,5352,0.1763,660.347,2409,-6,1718
89.0971,30.0724,4846,0.3567,872.497,2908,0.075,3414
89.0524,30.085,5116,0.1999,-9999,2735,-0.13333333333333333,3376
89.1561,30.1661,4956,0.2864,1161.32,2852,-2.041666666666667,3187
83.9685,30.1901,4937,0.1834,666.554,2380,-3,2032
88.0957,30.2009,5157,0.2417,614.107,2790,-2.025,2648
87.7284,30.2019,4723,0.2269,681.082,2693,0.8833333333333334,3000
89.91,30.2189,5356,0.2218,837.914,2458,-5.191666666666666,3556
87.0814,30.2223,5188,0.1163,703.915,2455,-2.808333333333333,2020
89.1715,30.229,4984,0.4397,788.815,2806,-0.9583333333333334,3551
83.8596,30.2826,5653,0.0859,445.734,2457,-9.466666666666669,1818
87.3411,30.3023,5467,0.1158,-9999,2418,-5.691666666666666,1985
89.174,30.3355,5206,0.321,651.468,2844,-2.716666666666667,3351
89.0386,30.3387,5118,0.4664,923.128,2874,-1.575,3403
87.5127,30.3492,5300,0.1865,-9999,2665,-3.1333333333333333,2342
86.201,30.3837,5255,0.1839,700.497,2419,-3.6,1708
89.2576,30.4029,5029,0.5783,941.305,2818,-1.3166666666666669,3610
83.579,30.4031,5026,0.1994,660.262,2406,-3.725,2003
85.7714,30.4051,5228,0.1434,643.743,2682,-2.583333333333333,1680
90.7658,30.4051,5410,0.1222,756.416,2561,-4.65,4199
85.6194,30.4129,4919,0.1431,668.044,2668,-0.4083333333333333,1780
89.7343,30.419,4978,0.4525,939.817,2784,-1.6166666666666667,4036
85.6262,30.43,4855,0.119,691.639,2601,-0.25833333333333336,1781
87.5553,30.4346,5445,0.2135,647.764,2758,-4.925,2273
82.946,30.4423,5063,0.1325,631.61,2311,-4.65,2299
82.2149,30.4824,5574,0.1491,515.916,2328,-7.75,2652
86.5234,30.4916,5883,-0.0409,683.137,2464,-13.208333333333334,1449
81.2625,30.4954,5436,0.0876,609.01,2439,-7.416666666666667,3972
87.966,30.4982,5277,0.2544,717.847,2705,-4.291666666666666,2719
81.7059,30.5038,4836,0.1772,605.363,2208,-2.841666666666667,3707
89.7156,30.5187,5326,0.4471,910.719,2887,-3.8166666666666664,3912
83.2835,30.5319,5904,-0.0194,512.562,2229,-11.3,1779
90.0749,30.551,4965,0.3888,985.026,2733,-1.05,4286
82.8894,30.5553,5483,0.2533,760.323,2273,-8.933333333333334,2041
88.8688,30.5776,4832,0.2148,797.476,2739,0.775,3839
85.535,30.581,4773,0.2,650.06,2504,0.325,1725
85.6183,30.5832,4827,0.1113,609.42,2371,0.225,1733
85.9225,30.591,4987,0.1034,-9999,2385,-0.5666666666666667,1760
90.9024,30.5953,5335,0.1606,-9999,2544,-7.291666666666667,4382
87.313,30.5962,5064,0.2874,755.731,2775,-1.325,2401
85.8115,30.6074,5039,0.2,715.35,2451,-1.975,1612
87.0656,30.6337,4807,0.262,662.092,2538,0.8,2443
90.0967,30.6795,4847,0.4144,904.49,2683,-1.0916666666666666,4419
86.5429,30.6928,5168,0.2178,920.51,2631,-2.625,1873
86.6617,30.7109,4605,0.0957,671.84,2205,1.5416666666666663,2304
81.6919,30.7166,4777,0.2064,573.228,2357,-2.3,3139
85.5244,30.7226,5460,0.2191,679.564,2523,-5.241666666666666,1457
91.0073,30.7236,4800,0.4997,997.027,2854,-2.1416666666666666,4477
82.3141,30.7325,5662,0.0851,783.496,2343,-9.591666666666669,2118
82.4964,30.7381,5668,0.0419,514.309,2486,-8.583333333333332,1994
88.6843,30.7437,4948,0.2796,740.887,2643,0.55,3812
87.4894,30.7471,4980,0.2646,788.29,2533,-0.25,2709
82.5106,30.757,5688,0.0697,576.202,2078,-7.658333333333333,1998
85.8523,30.7581,4942,0.1678,695.699,2347,0.4416666666666667,1751
88.0268,30.7744,4860,0.2905,710.869,2709,0.5583333333333333,3336
80.8262,30.7811,4695,0.059,-9999,2328,-2.5166666666666666,3633
84.7811,30.7921,4640,0.1491,-9999,2652,0.4166666666666667,1597
84.9195,30.7959,4657,0.0073,-9999,2574,0.5583333333333333,1570
80.2162,30.8015,5237,0.1067,622.247,2285,-6.8583333333333325,4047
87.4692,30.8291,5101,0.2014,732.342,2582,-1.6666666666666667,2586
85.3759,30.8436,4949,0.1432,602.113,2753,0.15,1587
87.1568,30.869,4720,0.1338,618.32,2380,1.2416666666666667,2619
91.2196,30.9182,4857,0.4111,1155.06,2787,-3.1416666666666666,4534
83.3277,30.9264,5016,0.1381,566.604,2167,-3.3083333333333336,1518
91.0348,30.9297,4964,0.2563,857.288,2718,-1.825,4554
87.9682,30.9404,4824,0.2393,1071.11,2481,1.025,3362
89.045,30.9621,5002,0.2172,935.241,2536,0.4416666666666667,4226
80.2045,30.9715,4516,0.0915,648.886,2561,-1.1916666666666669,4740
85.3534,30.9765,4616,-0.0414,570.959,2913,1.2583333333333333,1575
87.7184,30.9785,4977,0.1905,706.868,2517,-0.1,3029
84.3993,31.0106,5502,0.1514,578.357,2216,-6.125,1241
88.0124,31.0317,5175,0.2436,714.257,2652,-3.25,3010
81.2486,31.0373,5521,0.1022,-9999,2071,-7.433333333333333,2030
85.2309,31.0487,4652,0.1301,595.048,2348,0.7166666666666667,1475
91.0103,31.0658,5010,0.3189,1050.59,2740,-2.625,4716
80.0512,31.0949,4502,0.1466,659.467,2319,-1.0166666666666666,4476
90.8998,31.1107,4976,0.3748,1110.53,2670,-2.5083333333333333,4806
83.3351,31.1152,4856,0.1814,597.296,2187,-1.95,1377
88.9097,31.124,4708,0.1938,917.021,2765,1.55,4345
81.543,31.1302,5544,0.0251,-9999,2089,-10.058333333333334,1992
81.0755,31.1324,5353,0.17,591.472,2312,-6.141666666666667,1955
86.4395,31.149,4751,0.1507,695.889,2264,0.6416666666666667,1991
89.8372,31.1492,4748,0.2414,1022.21,2658,-0.09166666666666666,4730
81.2304,31.1529,5758,0.0488,-9999,1874,-11.066666666666666,1700
91.2206,31.1556,4691,0.2611,1356.28,2699,-0.4333333333333333,4787
89.321,31.1565,4843,0.1963,937.495,2471,-0.21666666666666665,4448
80.1845,31.1693,4111,0.0966,637.127,2292,2.525,4865
85.8493,31.1724,4746,0.1062,631.72,2336,0.11666666666666668,1588
83.2788,31.1782,5043,0.1285,594.528,2268,-1.7916666666666667,1293
90.3616,31.1913,4911,0.2761,970.906,2526,-1.7083333333333333,4443
84.4282,31.2043,4903,0.1397,584.268,2223,-0.9333333333333332,1256
79.0597,31.2281,4686,0.1409,820.491,2294,-2.075,5765
81.727,31.2587,5418,0.2045,726.246,2043,-7.8,2020
88.9085,31.2899,4790,0.13,951.929,2352,-0.5416666666666667,4253
81.0165,31.2996,5765,0.1045,-9999,2048,-10.65,1312
87.3677,31.3088,5216,0.2569,805.472,2571,-2.783333333333333,2606
88.8502,31.3413,4752,0.2482,943.037,2629,0.6083333333333333,4233
82.81,31.3627,4754,0.2437,638.135,2451,-1.0833333333333337,1204
85.7745,31.3678,4995,0.1209,563.214,2299,-1.3833333333333333,1424
79.9551,31.3765,3833,0.0859,715.407,2063,4.491666666666666,5708
85.045,31.3801,4706,0.0748,538.525,2223,0.1,1274
90.3847,31.4277,4671,0.1545,961.101,2291,0.29166666666666663,4557
82.6615,31.4302,4801,0.0865,637.784,2216,-1.4,1176
79.2505,31.4302,4549,0.1321,742.002,2311,-1.7916666666666667,4326
80.743,31.4354,5610,0.0827,-9999,2387,-10.466666666666669,1133
81.2173,31.4385,5562,0.1455,646.521,2194,-8.391666666666667,1237
87.7743,31.4388,4971,0.1502,730.993,2229,-1.5,3155
85.6793,31.4467,4907,0.1355,583.984,2042,-1.5916666666666666,1379
85.9655,31.4564,4979,0.1849,695.479,2356,-2.1333333333333333,1507
86.7117,31.4595,4812,0.2215,804.99,2359,-1.6416666666666668,2086
84.432,31.4656,4974,0.1347,539.662,2188,-1.9666666666666668,1079
82.0495,31.4658,5259,0.1553,602.06,2232,-5.308333333333334,1195
85.8546,31.4886,4963,0.1421,608.588,2373,-2.283333333333333,1422
90.7177,31.4888,4924,0.3122,988.086,2644,-2.425,4763
79.6759,31.489,3617,0.0651,705.019,2056,5.508333333333334,6687
79.9472,31.4993,4349,0.133,612.094,2094,0.9583333333333334,3527
88.0367,31.5084,5345,0.1873,755.823,2409,-4.191666666666666,3296
87.1865,31.5123,4843,0.1376,693.408,2181,-0.19166666666666668,2512
83.8457,31.5234,4959,0.138,524.823,2346,-2.7,983
86.1585,31.53,4831,0.1663,685.149,2357,-1.175,1618
90.1571,31.5495,4778,0.1556,1043.8,2491,-0.5583333333333333,4496
84.6808,31.5649,4943,0.1962,575.553,2530,-3.9333333333333336,1143
81.8968,31.5918,4989,0.129,590.861,2223,-3.3166666666666664,1102
79.9575,31.5935,4670,0.1128,585.537,2152,-1.3333333333333337,2570
83.4185,31.6113,6351,-0.0346,-9999,2752,-15.066666666666666,957
85.3611,31.6126,5545,0.1347,-9999,2084,-8.05,1157
89.6656,31.6429,4556,0.1678,1010.55,2353,1.05,4631
79.5101,31.6466,4120,0.0514,677.678,2055,2.308333333333333,4497
81.8936,31.6681,4879,0.1163,607.754,2196,-2.475,1012
84.6235,31.6832,4768,0.23,1192.52,2297,-1.1,1060
82.5089,31.6842,5022,0.1056,594.232,2312,-2.6,842
80.7887,31.6869,5802,0.1062,-9999,2020,-10.816666666666666,949
81.3156,31.6922,5149,0.1396,652.509,2019,-5.441666666666666,919
81.7457,31.6936,5031,0.115,599.689,2055,-3.4166666666666665,950
90.4336,31.6962,4651,0.3202,1163.61,2917,-0.4333333333333333,4527
90.0453,31.7006,4738,0.1671,994.236,2555,-1.0416666666666663,4505
79.512200000000007,31.7018,4071,0.0699,-9999,2258,1.4583333333333337,3984
79.6113,31.7048,4164,0.0635,640.552,2141,1.2083333333333337,3688
90.3128,31.71,4671,0.2779,1008.79,2734,-0.31666666666666665,4441
88.928,31.7103,4726,0.1951,917.458,2465,1.7,4242
82.165,31.7165,5118,0.1213,648.359,2278,-3.725,806
86.5118,31.7455,4913,0.1744,-9999,2184,-2.075,1835
82.9827,31.7712,4838,0.1272,548.416,2247,-2.3583333333333334,804
82.3762,31.7825,4807,0.1236,629.343,2241,-2.2333333333333334,810
89.924,31.7834,4592,0.1305,975.692,2251,0.6,4490
83.8303,31.7939,4946,0.1554,528.704,2472,-2.591666666666667,901
86.4145,31.796,4655,0.1869,767.775,2610,0.625,1768
79.0022,31.7985,4591,0.2038,919.223,2163,-3.3916666666666666,3299
83.7023,31.8051,4674,0.1161,393.834,2169,-0.38333333333333336,904
81.7848,31.8076,4831,0.1217,573.08,2298,-2.033333333333333,801
82.7435,31.8082,5298,0.1951,758.704,2046,-6.616666666666667,748
86.1386,31.8197,4773,0.1308,679.339,2276,-0.7416666666666667,1584
83.297,31.8528,4739,0.0904,397.873,2256,-1.2666666666666666,779
86.4884,31.8649,4671,0.1021,656.723,2296,0.7916666666666667,1785
79.0807,31.8668,5320,0.0774,-9999,2284,-7.383333333333333,2106
80.1958,31.8743,4398,0.0861,436.401,2296,-0.375,1639
88.1275,31.8872,4949,0.1646,1039.91,2273,-0.5333333333333333,3378
90.4703,31.9003,4681,0.172,1004.19,2461,-0.6666666666666667,4522
87.0798,31.9046,4498,0.0938,653.427,2185,1.9,2456
82.0778,31.9109,4617,0.1213,565.461,2209,-0.4333333333333333,738
82.1,31.9323,4702,0.1039,599.597,1998,-0.7666666666666667,673
79.5039,31.9845,4250,0.0826,-9999,2135,0.21666666666666665,2488
79.7391,31.9986,4673,0.1992,635.58,2267,-2.808333333333333,1402
78.7585,32.0028,6223,-0.0722,-9999,1704,-14.758333333333336,1855
81.864,32.0325,4682,0.1081,580.843,2236,-1.2666666666666666,574
85.7726,32.034,5253,0.1479,613.41,2221,-4.833333333333334,1238
82.5357,32.0478,5398,0.1694,661.932,2363,-6.5166666666666675,574
90.0439,32.0862,4768,0.1764,956.03,2449,-0.9666666666666666,4349
86.1211,32.0877,4678,0.1054,602.103,2130,0.5333333333333333,1464
80.0766,32.1526,4275,0.0695,613.918,2095,1.0583333333333331,1040
86.4287,32.1626,4542,0.0843,642.227,2067,1.3416666666666666,1707
80.3808,32.1889,4958,0.1289,644.166,2298,-4.766666666666667,512
78.9531,32.2086,5458,0.0242,-9999,2052,-9.675,1391
84.6776,32.2108,4398,-0.1429,420.156,2832,1.2333333333333334,966
91.2078,32.2574,4725,0.2967,875.433,2594,-2.125,4611
86.7922,32.2951,4960,0.131,694.593,2233,-1.4666666666666666,1826
78.6191,32.3352,4494,0.0768,876.675,2158,-5.075,2030
84.0875,32.3352,4433,0.1121,561.365,1958,1.0583333333333331,747
79.1466,32.3423,5271,0.1797,649.6,2175,-7.925,1026
90.2548,32.3577,4762,0.2116,-9999,2354,-1.3416666666666666,4486
79.4694,32.3579,5145,0.0974,654.905,2220,-6.675,752
89.7371,32.3713,4795,0.1335,917.17,2235,-1.2583333333333333,3948
86.4202,32.3742,4764,0.1245,594.856,2095,-0.05,1586
90.5304,32.4358,4912,0.2798,804.693,2503,-3.5,4599
91.312,32.4469,4923,0.2506,964.458,2585,-4.1,4752
89.2158,32.4469,4681,0.1204,916.474,2483,-1.0916666666666666,4066
84.2311,32.4697,4545,0.1038,530.748,2020,0.2833333333333333,741
86.1414,32.4734,5008,0.1317,606.711,2099,-2.35,1323
89.2655,32.4837,4720,0.118,906.648,2210,-0.4416666666666667,4042
80.6396,32.4853,5203,0.1959,656.687,2342,-6.4,281
90.8681,32.513,4785,0.1935,834.397,2623,-2.416666666666667,4602
89.4816,32.5131,4928,0.1691,829.583,2557,-2.4916666666666667,4059
87.8216,32.5205,5365,0.1367,821.131,2303,-7.175,2713
82.3552,32.5682,4347,-0.1202,-9999,2783,1.0416666666666663,360
88.169,32.5835,5245,0.2374,791.175,2502,-5.008333333333334,3060
90.4453,32.6099,5267,0.1713,719.543,2591,-6.05,4582
87.2436,32.6213,5111,0.1202,714.212,2386,-4.333333333333334,2178
85.6647,32.6562,5190,0.1532,659.95,2245,-4.991666666666666,1118
85.5584,32.6582,4992,0.1454,589.732,2336,-3.2083333333333335,1025
91.241,32.672,5087,0.1897,859.016,2547,-5.008333333333334,4807
89.3135,32.6757,4954,0.1811,864.634,2388,-3.875,3957
87.8622,32.6823,5038,0.1694,762.414,2204,-3.625,2759
85.6926,32.7023,5066,0.1299,567.468,2098,-4.541666666666666,1079
82.1244,32.713,4626,0.1097,568.358,1884,-1.025,246
83.3268,32.7131,4750,0.1292,545.747,2165,-1.4083333333333334,455
90.6648,32.7209,4921,0.2284,774.753,2492,-3.625,4581
86.797,32.7212,5162,0.1628,690.03,2401,-4.008333333333334,1703
85.943,32.7335,5204,0.143,630.064,2416,-5.558333333333334,1184
81.4049,32.7606,4492,0.0719,605.105,2159,-0.425,182
80.0798,32.8013,4920,0.1416,560.862,2132,-5.575,218
82.1342,32.8229,4521,0.0834,489.383,1981,-0.24166666666666664,218
84.0085,32.8246,4616,0.0892,508.502,1761,-0.675,601
81.3812,32.8382,4929,0.141,586.38,2297,-4.016666666666667,185
88.885,32.8437,4906,0.1477,704.293,2065,-3.3,3329
81.1031,32.8543,5569,0.0884,-9999,2331,-11.375,218
87.622,32.8568,5162,0.1538,740.163,2234,-5.325,2394
86.1506,32.8875,4917,0.1472,556.014,2030,-2.45,1265
87.837,32.8909,4957,0.1322,638.984,1984,-2.908333333333333,2578
88.3755,32.8931,4911,0.1564,722.819,2124,-3.2083333333333335,3072
91.0963,32.9142,5229,0.2074,-9999,2412,-6.675,4618
85.8892,32.9214,5058,0.1249,585.115,2143,-3.9083333333333337,1130
84.4581,32.9269,4734,0.1134,506.819,1764,-2.2416666666666667,687
90.1698,32.9445,5248,0.1129,683.937,2381,-7.166666666666667,4360
82.2084,32.9515,4938,0.0999,571.603,1956,-3.2666666666666666,227
83.0069,32.972,4661,0.1392,675.774,2050,-0.95,399
79.9784,32.9944,5865,-0.0308,-9999,2080,-12.4,279
84.5974,33.0254,4826,0.1245,520.674,1825,-2.5,689
86.5147,33.03,5077,0.1506,577.032,2043,-4.325,1449
88.4526,33.0348,5128,0.1803,681.988,1724,-3.9083333333333337,3078
81.6295,33.0452,4753,0.099,693.127,2137,-2.783333333333333,177
82.1923,33.0496,4567,0.1396,642.846,1883,-1.8833333333333333,219
86.5394,33.0498,5430,0.1888,560.938,2481,-6.816666666666667,1475
87.661,33.0738,4927,0.1319,593.308,2069,-2.8,2332
89.0714,33.0972,4850,0.1581,-9999,2390,-3.25,3512
84.8528,33.1058,4937,0.1131,512.258,1710,-3.0166666666666666,753
80.2706,33.1128,4351,0.0801,-9999,2100,-0.20833333333333337,88
86.0377,33.1132,5428,0.2314,830.192,2533,-9.05,1177
85.0636,33.1316,4813,0.1126,530.805,1707,-2.408333333333333,784
87.5317,33.1439,4855,0.1201,566.031,1944,-2.8833333333333333,2159
89.1675,33.1686,4923,0.1495,592.775,2244,-3.4583333333333335,3439
85.8102,33.1954,5259,0.1726,617.011,2450,-6.958333333333333,1078
90.7763,33.2165,5124,0.1392,784.673,2442,-6.141666666666667,3942
85.1818,33.2188,5306,0.1334,592.363,1933,-6.633333333333333,873
85.7586,33.2232,5882,0.1698,-9999,1831,-11.108333333333333,1140
89.9756,33.2546,5103,0.1575,626.59,2422,-5.525,3958
86.637200000000007,33.271,4961,0.1042,533.233,1457,-3.8833333333333337,1490
82.7376,33.2741,4675,0.0584,599.757,2057,-1.3583333333333334,278
80.8317,33.2741,4582,0.1533,611.168,2234,-0.9833333333333334,127
83.3045,33.2844,5057,0.1106,582.611,2090,-5.141666666666667,435
85.6342,33.2863,5112,0.1301,590.443,2230,-5.208333333333334,965
84.9476,33.2895,5210,0.1177,611.39,1858,-5.216666666666667,813
89.3602,33.3103,5012,0.1114,542.698,2095,-4.358333333333333,3482
88.2865,33.3165,5300,0.1957,779.878,2249,-6.958333333333333,2750
83.9136,33.3169,4555,0.1077,534.406,1993,-0.75,519
82.7091,33.3331,4735,0.0632,518.078,2017,-2.0166666666666666,275
90.7245,33.336,5292,0.1083,-9999,2274,-7.041666666666667,3886
85.9698,33.3543,5115,0.1348,637.114,1984,-5.433333333333334,1104
87.3624,33.3804,4968,0.1191,550.141,1490,-3.6583333333333337,1946
87.707,33.3866,5359,0.1499,601.686,1752,-7.558333333333333,2258
91.0799,33.4105,5620,-0.0518,-9999,2775,-14.858333333333334,4515
82.025,33.4247,4883,0.1372,555.248,2153,-3.7,184
90.0584,33.4399,4935,-0.0413,-9999,2709,-4.45,3742
88.3797,33.4448,5159,0.171,635.599,2503,-6.191666666666666,2736
82.8927,33.445,5037,0.0936,609.69,1938,-3.9833333333333334,345
82.6973,33.4451,5112,0.0533,-9999,2184,-4.1,320
83.1,33.4477,5389,0.0977,-9999,1955,-6.9,433
91.052,33.452,5495,-0.0573,-9999,2336,-12.675,4482
81.7316,33.4598,5286,0.1056,567.187,2041,-7.866666666666667,199
87.0423,33.4648,4905,0.1202,530.846,1733,-2.666666666666667,1674
85.2335,33.4837,5172,0.1911,639.862,1977,-7.041666666666667,874
90.8913,33.5054,5757,-0.0319,-9999,2633,-16.3,4343
79.465,33.519,5258,0.117,-9999,1993,-5.75,188
84.6787,33.5454,4614,0.0572,516.472,2084,-1.5583333333333331,667
78.9992,33.5568,4413,0.1194,-9999,1661,-1.2833333333333334,340
86.4126,33.5616,4950,0.1144,574.929,1743,-4.183333333333334,1281
85.4857,33.5635,5483,0.1983,738.361,1995,-9.033333333333331,1006
79.419,33.5744,5125,0.097,-9999,1902,-4.275,183
82.0383,33.5845,5704,0.0266,-9999,1949,-11.383333333333333,293
80.2547,33.5916,4891,0.0955,693.486,1941,-3.183333333333333,51
88.3668,33.6047,5196,0.0988,522.093,1975,-6.808333333333333,2609
86.274,33.6128,5013,0.11,552.092,1547,-4.075,1205
82.0828,33.6158,5053,0.1173,642.314,2051,-5.858333333333333,207
78.9414,33.62,5544,0.1056,688.534,2350,-7.441666666666667,358
90.263,33.6398,4967,0.2111,658.685,2565,-4.933333333333334,3410
87.782,33.6788,5016,0.102,528.428,1949,-4.541666666666666,2127
82.269,33.7064,5179,0.0642,575.773,2134,-6.066666666666666,250
79.1108,33.7264,4363,0.0096,546.932,2339,-2.2416666666666667,211
81.0936,33.7268,5425,0.0329,-9999,2415,-9.191666666666666,152
82.8228,33.7574,5201,0.0854,552.792,1853,-5.925,362
84.7645,33.7575,4987,0.1153,557.277,1737,-3.8166666666666664,701
85.3176,33.7595,4876,0.0872,524.954,1818,-3.3916666666666666,790
87.6323,33.7632,5409,0.1647,680.814,1937,-8.225,2082
91.2269,33.764,5021,0.1496,703.523,2318,-5.683333333333334,4029
79.6364,33.7729,5196,0.0824,-9999,1656,-5.875,137
82.319,33.7767,5580,-0.0225,-9999,2136,-12.691666666666666,405
86.3534,33.7909,5049,0.1088,579.533,1597,-5.275,1206
85.8197,33.8128,4829,0.1171,514.561,1416,-2.8583333333333334,957
85.2402,33.8292,5202,0.1435,-9999,1991,-5.808333333333334,840
79.4948,33.8432,5030,0.0826,586.716,1684,-4.275,179
81.0671,33.8452,4738,0.086,604.68,2105,-2.783333333333333,73
84.5816,33.8679,4844,0.0845,500.488,1739,-3.066666666666667,645
84.7823,33.9144,4978,0.09,557.914,1765,-4.333333333333334,720
89.3898,33.9553,5244,0.123,-9999,2367,-7.3916666666666675,3199
85.8267,33.9558,5263,0.1476,626.564,1776,-7.25,1023
83.9977,33.9691,5571,0.1107,-9999,2272,-10.15,767
88.9436,33.9804,5295,0.1255,575.556,1599,-7.875,2911
82.1284,33.9846,5235,0.0955,-9999,1876,-5.333333333333334,233
84.4431,34.0164,5362,0.1313,634.104,1815,-8.033333333333333,782
84.1566,34.0185,5429,0.0609,-9999,1987,-8.391666666666667,718
83.9053,34.0209,5437,0.1332,-9999,2043,-9.333333333333332,683
89.6952,34.0233,5247,0.1651,580.501,2007,-8.1,3451
91.0296,34.0241,4871,0.1515,627.365,2281,-4.658333333333333,3661
79.5489,34.0275,5232,0.0556,573.978,2115,-8.083333333333332,171
85.8677,34.1032,5079,0.1045,601.671,1538,-5.416666666666666,1003
88.5684,34.1077,4967,0.1291,532.559,2143,-5.166666666666666,2414
81.6767,34.1139,4933,0.1003,683.65,1826,-4.85,144
80.4744,34.1381,5158,0.0896,539.832,1843,-6.308333333333334,152
82.6637,34.1439,5222,0.1228,627.807,1853,-6.475,345
81.2612,34.1484,5100,0.1298,577.879,2079,-8.091666666666667,193
82.7386,34.1515,5116,0.0832,561.354,2010,-5.3,331
89.1437,34.1576,5148,0.1771,630.735,2323,-7.183333333333333,2905
80.1757,34.1795,5329,0.0551,469.802,1807,-8.766666666666667,145
82.0623,34.2026,5426,0.0932,-9999,2228,-10.425,313
90.7209,34.2088,5170,0.2013,-9999,2195,-8.766666666666667,4032
79.0938,34.218,5233,0.1405,650.091,2025,-8.633333333333333,310
90.0833,34.2412,5316,0.0898,650.456,2040,-8.708333333333332,3704
84.7992,34.2548,5058,0.0891,609.202,1519,-5.35,749
83.2735,34.2683,5140,0.0863,-9999,1969,-5.891666666666667,482
86.6174,34.2709,5331,0.1245,576.012,1439,-9,1396
87.6032,34.2997,5035,0.1184,575.038,1380,-5.525,1782
81.9285,34.3037,6208,-0.0771,-9999,2092,-16.975,529
81.2928,34.3138,5497,0.1481,-9999,2116,-10.1,238
79.2586,34.3212,5074,0.0787,460.333,2062,-6.5166666666666675,235
89.7715,34.3333,5183,0.125,620.109,1799,-7.933333333333333,3299
86.3609,34.3368,5143,0.1102,578.675,1452,-6.508333333333333,1213
85.4926,34.3413,5405,0.0931,644.695,1800,-8.5,1028
79.8422,34.3453,6586,-0.0192,-9999,1990,-19.708333333333336,501
79.5859,34.3466,5749,-0.0615,-9999,1661,-13.116666666666664,298
82.5475,34.3521,5106,0.0936,572.288,2043,-6.1,337
87.0085,34.3545,5001,0.1238,587.885,1697,-5.6,1473
85.5083,34.3576,5488,0.0878,617.921,1596,-9.4,1028
87.5612,34.3689,4950,0.1038,578.359,1599,-5.266666666666667,1714
82.1407,34.3794,5138,0.0751,580.817,2024,-6.033333333333333,258
87.857,34.3814,5033,0.0865,569.781,1417,-5.266666666666667,1875
81.3851,34.3829,5543,0.1058,-9999,1959,-10.716666666666669,260
82.8283,34.3897,5246,0.0732,597.277,1982,-6.8,422
84.5166,34.4015,5326,0.1143,635.05,2093,-9.241666666666667,805
79.0252,34.4015,5850,-0.0031,-9999,2107,-10.983333333333333,418
81.1366,34.4348,5719,-0.0712,-9999,1928,-13.466666666666663,331
78.9742,34.491,5410,0.0784,-9999,2477,-8.725,393
90.2126,34.4935,5363,0.1339,771.574,2262,-9.533333333333331,3652
82.1182,34.5072,5474,0.0992,-9999,2072,-9.391666666666667,353
85.0761,34.5163,5321,0.113,635.93,1797,-8.558333333333334,893
82.3279,34.5227,5209,0.0815,568.323,2029,-6.966666666666667,351
82.1883,34.5274,5641,0.0677,-9999,2266,-10.725,414
81.7497,34.5296,5106,0.0432,1578.56,2044,-6.233333333333333,261
84.6877,34.5339,5057,-0.007,-9999,2243,-6.075,830
85.9009,34.5512,5421,0.104,650.676,1714,-9.408333333333331,1119
78.7504,34.5515,5622,0.0741,-9999,2065,-10.741666666666667,500
85.5479,34.5519,5391,0.1061,666.717,1707,-9.741666666666667,1055
86.853,34.5542,4966,0.0934,572.663,1717,-5.683333333333334,1334
87.2212,34.563,4919,-0.0618,-9999,2206,-5.566666666666666,1529
81.1706,34.5751,5198,0.0756,-9999,2067,-7.166666666666667,209
86.0502,34.6072,5178,0.1194,-9999,1799,-7.658333333333333,1108
87.8634,34.6112,4984,0.0951,589.107,1709,-5.641666666666667,1801
78.9604,34.6168,5584,0.0382,-9999,2341,-11.75,453
82.4778,34.627,5223,0.1001,-9999,1626,-7.45,389
88.4622,34.6319,4868,0.1091,539.418,1407,-4.608333333333333,2109
81.9281,34.6342,5289,0.0762,-9999,1947,-8.3,350
81.3747,34.643,5336,0.0976,-9999,2051,-8.983333333333333,268
82.4476,34.6446,5375,0.1131,632.841,2024,-8.475,411
78.9773,34.6468,5694,0.0902,-9999,2202,-11.225,442
88.589,34.6604,4818,-0.1291,-9999,2371,-4.258333333333334,2171
80.4471,34.6638,5163,0.0717,381.531,1921,-6.725,184
79.226,34.6686,5417,0.1111,-9999,1907,-9.533333333333331,323
82.1604,34.6892,5425,0.0817,-9999,1955,-9.491666666666667,406
80.8734,34.6895,5583,0.096,588.802,1900,-9.291666666666668,232
86.397,34.7026,4921,0,-9999,2347,-5.491666666666666,1240
84.0697,34.7259,5517,0.0564,-9999,1841,-9.533333333333331,742
89.4538,34.7502,4938,0.1211,544.101,1487,-5.308333333333334,2711
87.6215,34.7548,5200,0.0965,562.911,1580,-7.9,1762
90.867,34.7736,5219,0.1327,713.091,2013,-7.85,3558
85.8794,34.7789,5168,0.1365,623.957,1564,-8.116666666666667,1054
86.7148,34.7891,4972,0.1149,590.671,1679,-6,1308
78.7739,34.8004,5437,0.0983,-9999,2160,-10.066666666666666,496
90.0491,34.8005,4942,0.1376,-9999,1918,-6.083333333333334,2989
78.6432,34.8642,5769,-0.0194,-9999,1802,-12.441666666666666,616
79.4766,34.8643,5296,0.0706,-9999,2245,-8.758333333333333,263
82.2433,34.8724,5125,-0.0091,585.772,2042,-7.45,333
79.8391,34.8765,5201,0.1021,-9999,2020,-9.225,272
86.8292,34.89,4954,0.105,554.753,1792,-5.9,1306
80.9443,34.898,6013,0.0056,-9999,2058,-11.266666666666667,303
83.4897,34.9199,5179,0.0707,617.62,1677,-7.883333333333333,555
84.5247,34.9231,5087,0.1101,608.988,1587,-6.566666666666667,710
89.1647,34.9306,4980,0.1462,616.738,1838,-5.675,2476
90.6277,34.946,4879,0.2363,-9999,1778,-5.708333333333334,3047
80.7029,34.9465,5023,0.0638,609.261,1985,-5.716666666666667,185
90.2516,34.9533,4925,0.1954,630.215,2531,-5.933333333333334,2976
81.6656,34.9609,4921,0.0434,-9999,2053,-5.95,218
81.1022,34.9749,5146,0.1202,650.341,1839,-7.708333333333333,241
78.7439,34.9776,5387,0.0877,-9999,1891,-10.025,478
79.0968,34.9911,5392,0.1037,-9999,2200,-9.891666666666667,364
79.8264,34.9934,5008,0.0792,-9999,1756,-5.541666666666666,210
83.9907,34.996,5225,0.1096,623.284,1628,-8.308333333333334,639
84.0881,35.0086,5166,0.1015,627.163,1673,-7.191666666666667,634
78.8905,35.0215,5659,0.0725,-9999,2119,-12.091666666666669,481
86.1468,35.0292,4933,0.0912,568.559,1604,-5.591666666666667,1055
79.4029,35.0311,5223,0.0868,-9999,2165,-7.9833333333333325,280
79.5534,35.0343,5262,0.1138,-9999,2018,-8.583333333333332,271
90.1852,35.051,4940,0.1838,-9999,2342,-6.316666666666666,2937
79.9176,35.0655,5206,0.0654,-9999,1992,-6.166666666666666,224
78.4206,35.0661,5409,0.095,-9999,2062,-10.133333333333333,537
83.119,35.0779,5080,0.0872,607.059,1934,-6.883333333333333,471
83.382,35.0793,5030,0.0679,-9999,1716,-6.541666666666667,487
88.0177,35.0804,4839,0.1152,525.397,1893,-4.533333333333333,1717
83.5327,35.0805,5026,0.0716,-9999,1765,-6.525,525
79.4783,35.1017,5113,0.1131,-9999,1852,-6.716666666666667,266
79.3405,35.1434,5130,0.1139,-9999,2109,-7.8583333333333325,283
83.3859,35.1453,5074,0.0613,544.216,1663,-7.1083333333333325,507
84.008,35.1523,4940,0.083,604.527,1509,-5.841666666666667,575
84.0619,35.1593,4926,0.0774,515.948,1555,-5.508333333333334,577
90.0392,35.1715,4849,0.2224,-9999,2617,-5.683333333333334,2685
78.3263,35.175,5810,-0.0057,-9999,1649,-13.8,710
89.386,35.1781,4808,0.1468,537.301,2313,-5.191666666666666,2329
85.1087,35.184,4931,0.0663,604.867,1783,-5.85,786
90.4805,35.2062,4772,-0.0284,-9999,2406,-5.291666666666666,2763
81.5797,35.2631,5454,0.0602,-9999,1905,-10.441666666666666,343
88.9863,35.264,4840,0.1305,579.859,1941,-5.366666666666666,2104
86.6626,35.2687,5185,0.1116,-9999,1705,-8.666666666666668,1363
84.6026,35.2706,4854,0.0653,559.069,1510,-4.625,661
88.0707,35.2843,4941,0.0922,569.525,2003,-5.35,1723
80.386,35.2932,5428,0.0578,-9999,1945,-8.841666666666667,304
87.3036,35.2961,4745,0,-9999,2648,-5.141666666666667,1358
83.7755,35.303,4933,0.0615,592.305,1626,-6.266666666666667,543
85.9391,35.303,4938,0.0852,605.746,1452,-6.433333333333333,981
88.2112,35.3168,4928,0.1176,574.16,1795,-5.316666666666666,1727
84.1933,35.3265,4880,0.0597,501.596,1578,-4.741666666666666,605
89.8007,35.3375,4827,0.0634,-9999,1943,-5.683333333333334,2447
80.4781,35.3499,6086,-0.0586,-9999,2196,-15.166666666666666,619
78.64,35.3609,5719,0.1079,-9999,2225,-12.3,530
86.7308,35.3658,5159,0.0939,579.143,1819,-8.258333333333333,1309
89.2007,35.3761,4789,-0.0334,-9999,2144,-5.333333333333334,2120
78.5367,35.377,5472,0.0908,-9999,1723,-9.975,502
84.4818,35.3939,4792,0.018,475.06,2317,-4.475,619
80.9222,35.4177,6273,-0.0472,-9999,1124,-19.366666666666667,497
83.8629,35.4695,4849,0.0629,472.698,1586,-5.291666666666666,537
86.3637,35.4852,5193,0.0927,568.988,1620,-8.491666666666667,1192
83.0116,35.4888,5327,0.0822,-9999,1630,-8.858333333333333,509
80.1294,35.5018,5256,0.1008,-9999,2259,-9.108333333333333,319
79.0891,35.5044,5260,0.0795,-9999,1746,-8.933333333333334,354
80.0493,35.5159,5381,0.1011,-9999,2045,-9.858333333333333,322
80.3691,35.5402,5515,-0.0118,-9999,1699,-13.925,357
88.738,35.5504,4928,0.0767,589.118,1867,-6.358333333333333,1880
83.5239,35.5694,4934,0.0804,-9999,1529,-6.275,519
90.4772,35.5751,4971,0.1406,633.523,2231,-7.541666666666667,2680
81.8539,35.5951,5590,-0.058,-9999,1869,-11.766666666666667,497
90.9332,35.5976,4893,0.0746,587.478,2339,-7.225,2719
78.7548,35.6302,5608,-0.034,-9999,1324,-12.958333333333334,489
77.6804,35.6532,5067,0.0638,-9999,1989,-6.916666666666667,505
89.2655,35.6601,5084,0.2041,-9999,1594,-8.666666666666668,2132
82.6594,35.6689,5565,-0.0323,-9999,1883,-11.725,541
89.0428,35.6736,5050,0.1335,588.809,1207,-8.091666666666667,1967
83.8103,35.6919,4958,0.0606,-9999,1543,-6.666666666666667,590
89.693,35.6967,5162,0.0865,677.732,1775,-9.491666666666667,2360
79.4387,35.7106,5537,0.0411,-9999,1810,-9.4,317
90.1304,35.7108,4918,0.088,-9999,2048,-7.183333333333333,2440
86.2737,35.717,5023,0.0791,670.904,1541,-7.533333333333333,1093
85.9017,35.725,5182,0.0465,547.141,1654,-8.683333333333334,1078
84.7699,35.7311,5000,0.0583,-9999,1511,-7.075,774
89.2865,35.7349,5028,0.3008,698.153,2338,-8.383333333333333,2057
84.3512,35.7806,4982,0.0741,-9999,1552,-6.616666666666667,701
86.3451,35.794,5009,0.1251,626.265,1458,-7.716666666666667,1126
79.8979,35.8008,5595,-0.0495,-9999,2035,-13.216666666666663,378
82.2647,35.8018,4781,0.0714,370.941,1555,-5.225,310
90.2441,35.8255,5001,0.0844,-9999,1700,-7.408333333333333,2418
82.6377,35.8435,5258,0.0776,-9999,1709,-8.891666666666667,432
80.0379,35.8462,4708,0.0267,-9999,1458,-7.8583333333333325,281
80.4426,35.8528,5544,-0.0545,-9999,1707,-13.416666666666666,305
88.9513,35.8666,4969,0.1591,674.184,1699,-7.875,1748
90.0762,35.8849,5163,0.135,696.301,1584,-9.266666666666667,2415
85.188,35.9,5007,0.0641,-9999,1460,-7.3,895
90.8836,35.9149,4950,0.1221,-9999,2034,-7.675,2456
91.1806,35.9158,4941,0.2492,-9999,2367,-8.116666666666667,2583
87.7227,35.9241,4898,0.0765,603.01,1859,-7.216666666666667,1232
87.3276,35.9273,4914,0.0798,524.687,1572,-6.958333333333333,1155
83.6648,35.929,5081,0.0688,-9999,1534,-7.8,617
85.4357,35.9416,4976,0.0602,-9999,1476,-7.191666666666667,916
82.4482,35.9427,4752,0.0665,-9999,1642,-4.991666666666666,300
84.9642,35.9527,5120,0.0675,-9999,1465,-8.183333333333334,887
82.9612,35.9679,5056,0.0602,-9999,1711,-7.783333333333333,447
79.2199,35.972,4887,0.0279,-9999,1912,-4.091666666666667,262
86.8013,35.9842,4809,0.0137,605.537,2154,-6.291666666666666,1008
91.1529,35.9918,4856,0.0527,-9999,1983,-6.783333333333333,2418
85.3557,36.0019,5017,0.0648,-9999,1407,-7.325,924
83.673,36.0032,5145,0.0742,-9999,1459,-8.725,631
83.0027,36.0118,5062,0.051,-9999,1538,-7.65,458
82.904,36.0398,5133,0.0488,-9999,1592,-7.658333333333333,442
88.9272,36.055,4917,0.0552,503.613,2081,-7.441666666666667,1552
83.8228,36.0564,5162,0.0623,-9999,1473,-8.991666666666667,686
77.6669,36.0798,4789,0.0657,-9999,1886,-5.5,522
82.3268,36.0913,4690,0.0444,-9999,1464,-4.233333333333333,317
90.5308,36.1012,4946,0.0625,-9999,1843,-8.7,2220
89.7261,36.106,5013,0.0849,-9999,1782,-8.475,1993
82.8367,36.11,4772,0.0704,-9999,1504,-4.4,378
79.7703,36.1225,3588,0.3853,784.41,1515,2.425,222
79.6471,36.1391,5013,-0.0481,-9999,1619,-8.875,294
84.4838,36.1469,5048,0.0516,-9999,1278,-7.708333333333333,811
87.7827,36.1519,4978,0.0613,644.739,1817,-7.6083333333333325,1127
79.9329,36.1584,3317,0.3148,983.691,1656,3.775,195
76.8933,36.1613,4860,0.0419,-9999,1973,-4.858333333333333,453
79.8233,36.1614,2739,0.2236,-9999,1644,7.4,226
82.7389,36.1675,4625,0.076,-9999,1407,-3.2583333333333337,353
76.3429,36.1939,3742,0.0517,-9999,2085,0.38333333333333336,500
76.5022,36.1957,4700,0.0959,-9999,1750,-7,634
91.2273,36.201,5042,0.0844,-9999,2001,-10.083333333333332,2448
83.3191,36.2071,4923,0.0519,-9999,1381,-6.4,520
84.3991,36.2151,4921,0.0717,-9999,1297,-6.8916666666666675,745
83.7139,36.2267,5015,0.0626,-9999,1239,-7.6083333333333325,626
86.5417,36.2314,5409,-0.0191,-9999,1477,-11.666666666666668,1170
82.5067,36.2408,5753,-0.0048,-9999,1484,-14.016666666666666,708
79.1618,36.2502,4789,-0.0138,-9999,2071,-8.208333333333332,325
91.2611,36.2514,5244,-0.0143,-9999,1727,-11.075,2693
77.2448,36.2541,5392,0.0557,-9999,1663,-10.175,715
76.2275,36.2641,4739,0.0582,-9999,2282,-5.691666666666666,727
90.1982,36.2726,5022,0.0844,-9999,1759,-9.783333333333331,2022
89.4699,36.2824,4713,0.1192,-9999,2349,-6.433333333333333,1536
90.5328,36.2988,4834,0.196,728.195,1814,-8.133333333333333,1967
87.0532,36.3139,5419,0.0299,-9999,1406,-12.183333333333334,1163
83.4979,36.3248,5227,0.0439,-9999,1408,-9.133333333333333,629
90.3241,36.3338,4928,0.1988,-9999,1720,-9.05,1929
83.7658,36.3489,5014,0.0469,-9999,1467,-8.45,671
89.6126,36.363,4849,0.1177,-9999,1818,-7.416666666666667,1558
89.0811,36.3659,5094,0.0583,-9999,1528,-9.841666666666669,1464
79.7926,36.3812,3460,0.3989,884.689,1532,5.008333333333334,191
82.7266,36.3986,3813,0.0362,-9999,1267,2.3833333333333333,294
90.489,36.4008,4801,0.1023,-9999,1591,-7.408333333333333,1796
76.9694,36.4113,4517,0.0732,-9999,1647,-5.033333333333333,505
76.3758,36.4123,5355,-0.0103,-9999,1823,-9.825,886
90.0143,36.4136,4803,0.1485,-9999,1549,-7.4833333333333325,1637
88.9206,36.4286,4930,0.1155,-9999,1428,-8.783333333333333,1239
77.0984,36.4323,4576,0.0725,-9999,1861,-3.375,416
86.0117,36.4324,4979,0.066,608.228,1207,-8,905
83.4734,36.4386,4593,0.0508,428.93,1359,-4.291666666666666,525
83.7257,36.4457,4744,0.0403,-9999,1520,-5.866666666666666,568
91.2829,36.451,5305,0.0838,-9999,1294,-9.641666666666667,2392
79.7356,36.4567,3476,0.1771,-9999,1300,7.8583333333333325,220
78.7369,36.4694,5296,0.0269,-9999,1346,-9.041666666666668,368
83.1239,36.4786,3629,0.0791,-9999,1387,0.8833333333333334,370
90.7997,36.484,4841,0.114,-9999,1707,-8.783333333333333,1903
87.6279,36.4907,5145,0.0866,-9999,1273,-9.166666666666668,935
85.8091,36.5015,4977,0.083,-9999,1289,-7.808333333333333,890
78.6203,36.5222,4416,0.1752,-9999,1685,-3.225,324
76.0202,36.5247,4861,0.0901,-9999,1894,-6.358333333333333,872
83.7324,36.5398,3607,0.0631,-9999,1289,0.09166666666666666,408
88.5204,36.5454,5262,-0.0401,-9999,1610,-11.033333333333331,1108
83.8159,36.551,4576,0.0684,-9999,1414,-5.2,599
77.2882,36.5627,5728,-0.036,-9999,1582,-12.775,914
77.8751,36.5659,5625,-0.0439,-9999,1787,-12.033333333333331,912
89.8879,36.572,5024,0.1462,-9999,1861,-7.691666666666667,1489
89.0239,36.5791,4804,0.1102,-9999,1516,-7.241666666666667,1075
80.0791,36.5837,3230,0.2503,900.414,1440,4.566666666666666,242
90.2758,36.5949,4736,0.2245,661.366,1791,-7.066666666666667,1590
87.7708,36.5962,4852,0.1119,-9999,1454,-7.325,792
79.7141,36.6003,-9999,0.1217,-9999,1321,8.608333333333333,225
77.3929,36.6076,5326,-0.0392,-9999,1574,-12.15,873
87.5919,36.6866,5078,0.0013,-9999,1748,-11.483333333333333,882
78.4487,36.6931,5103,-0.0225,-9999,1681,-11.283333333333331,673
78.1433,36.6945,5062,0.0354,-9999,1892,-8.2,700
84.8709,36.7031,4647,0.0782,-9999,1575,-4.366666666666666,719
87.502,36.719,5010,0.1154,688.295,1687,-8.708333333333332,750
77.9793,36.7231,4502,0.0741,-9999,1848,-6.8916666666666675,586
91.2295,36.7343,4572,0.2286,571.589,1763,-5.741666666666666,1491
78.4472,36.756,4055,0.3168,-9999,2030,-2.216666666666667,351
78.4622,36.7741,3870,0.3694,749.788,1859,-1.1416666666666666,342
84.3863,36.7792,4279,0.0932,513.353,1537,-2.7583333333333333,637
89.0987,36.7815,4764,0.1207,-9999,1761,-7.425,980
77.5503,36.7856,4713,0.0426,-9999,1858,1.0916666666666666,337
86.9155,36.8028,5133,0.0855,-9999,1392,-10.791666666666668,791
89.7874,36.8203,4492,0.2459,617.521,1700,-4.45,1060
91.2323,36.8238,3980,0.1184,-9999,1548,-1.5333333333333334,979
86.7977,36.8322,5106,0.0894,-9999,1445,-10.216666666666669,771
88.4482,36.8343,4858,0.0963,-9999,1753,-7.841666666666667,716
89.6144,36.845,4310,0.1396,549.857,1756,-3.4666666666666663,935
77.8193,36.8712,4013,0.2439,729.065,1819,0.95,372
76.8399,36.8812,3275,0.2937,-9999,1805,5.9,303
76.935,36.8855,3776,0.2796,797.521,1854,0.675,413
87.4962,36.9235,4476,0.0734,-9999,1556,-4.708333333333334,525
88.672,36.9344,4585,0.0849,-9999,1601,-5.441666666666666,574
75.2302,36.9871,5097,-2e-4,658.595,1679,-10.158333333333331,1359
85.5192,36.9951,4377,0.0572,-9999,1538,-4.133333333333334,630
89.9984,36.9961,4104,0.1164,557.836,1460,-2.1083333333333334,831
77.5393,36.9973,3923,0.2586,-9999,2096,-0.5083333333333333,423
86.5303,37.0276,4764,0.0834,-9999,1451,-7.1416666666666675,636
90.7457,37.03,4176,0.1198,603.142,1599,-2.825,1100
90.8087,37.0348,4187,0.1173,628.326,1678,-3.025,1080
84.4973,37.0458,2948,0.0994,484.058,1368,5.466666666666667,415
89.5045,37.0523,4227,0.1165,540.129,1709,-3.058333333333333,934
88.1941,37.1046,4265,-0.064,424.685,1990,-3.4333333333333336,447
89.9023,37.1268,4269,0.1062,580.044,1543,-3.2416666666666663,775
90.241,37.1421,3958,0.0734,502.674,1711,-1.4416666666666669,758
87.0938,37.1443,4259,0.0669,-9999,1410,-2.433333333333333,375
75.7889,37.1625,5236,0.0019,-9999,1669,-9.291666666666668,1305
91.1529,37.1815,4946,0.1,-9999,1563,-8.95,1535
85.3592,37.2193,3645,0.4146,699.217,1545,1.1083333333333334,513
89.67,37.2283,4258,0.0876,-9999,1562,-3.5333333333333337,733
86.8666,37.2308,4686,0.0557,-9999,1524,-5.325,492
90.88,37.2737,4764,0.0443,-9999,1568,-8.55,1406
90.4837,37.2858,4011,0.0764,535.551,1628,-1.8,772
75.7232,37.3113,3605,0.1153,-9999,2000,1.9833333333333332,634
90.839,37.3223,4440,0.1444,-9999,1938,-5.758333333333334,1121
88.067,37.3362,4721,0.0763,-9999,1684,-6.9,456
87.6648,37.3673,5769,-0.0095,-9999,1672,-15.133333333333336,606
76.3238,37.388,3847,0.1958,-9999,1954,0.29166666666666663,532
90.0869,37.4248,3890,0.0452,542.029,1704,-1.2333333333333334,519
91.3189,37.4286,4758,0.0994,-9999,1775,-7.725,1355
76.1532,37.4314,3931,0.2344,-9999,1745,2.95,507
90.6043,37.5097,4274,0.1094,572.987,1825,-4,818
88.9876,37.5554,3997,0.0731,-9999,1538,-1.9,449
87.6299,37.5642,3958,0.0891,465.732,1735,-2.033333333333333,295
87.6594,37.5808,3821,0.0851,356.841,1350,-1.3666666666666667,293
87.4095,37.611,3732,0.1221,485.707,1587,-0.4083333333333333,262
75.9581,37.6284,3815,0.4492,856.066,2429,-1.275,777
86.9235,37.6642,3178,0.066,-9999,1386,3.066666666666667,486
76.2647,37.6749,3711,0.1084,-9999,1816,5.066666666666666,470
75.3297,37.6933,3156,0.2053,-9999,1696,5.591666666666667,624
89.0882,37.6943,4362,0.0607,-9999,1631,-3.4666666666666663,388
75.2177,37.6981,3726,0.0876,-9999,2052,0.4333333333333333,854
86.4384,37.7234,3979,0.097,-9999,1703,-2.658333333333333,1094
75.0813,37.7296,4306,0.0955,-9999,1884,-4.691666666666666,1042
86.2422,37.7819,2591,0.0785,620.965,1390,6.35,574
90.3385,37.8401,4923,0.0251,-9999,1620,-8.958333333333332,975
89.1185,37.8946,4317,0.0749,-9999,1536,-3.9083333333333337,314
88.0443,37.8985,4366,0.0905,-9999,1407,-5.05,338
89.5513,37.9076,3790,0.0891,-9999,1820,-0.9,260
88.145,37.9164,4348,0.0757,-9999,1439,-4.775,333
89.9742,37.9683,3439,0.0583,-9999,1519,0.6416666666666667,361
75.3177,38.0015,4526,0.0961,-9999,1865,-6.033333333333333,1406
89.491,38.0326,3413,0.1004,-9999,1434,1.1833333333333331,206
88.6276,38.0635,4060,0.0585,-9999,1363,-2.708333333333333,286
90.2887,38.07,3082,0.0338,-9999,1422,2.4833333333333334,504
90.9519,38.1713,3211,0.0521,-9999,1396,1.9583333333333333,313
88.5178,38.2569,3694,0.1241,752.318,1517,-0.775,254
75.1677,38.2899,5440,-0.0396,-9999,1767,-14.066666666666666,2347
89.1093,38.3028,4030,0.1318,-9999,1609,-4.9,383
89.351,38.3215,4093,0.0805,-9999,1517,-3.4916666666666663,415
75.718,38.3382,3513,0.1885,641.92,2326,0.9166666666666666,762
88.2649,38.3572,3083,0.0595,-9999,1619,2.808333333333333,213
87.8226,38.3951,2209,0.0573,-9999,1267,7.625,171
90.8219,38.3954,3316,0.0514,-9999,1535,1.1166666666666667,389
88.7719,38.4552,3459,0.0808,779.239,1634,0.5916666666666667,251
75.7271,38.4663,3107,0.1147,636.352,2155,4.808333333333334,769
75.0032,38.5261,3929,0.0885,631.418,1875,0.15833333333333333,1193
88.8601,38.6852,3239,0.0667,-9999,1396,1.7,374
89.8554,38.695,3298,0.05,-9999,1552,1.1333333333333333,351
90.2254,38.7226,3046,0.0538,-9999,1266,1.975,656
89.3317,38.7383,3574,0.126,638.394,1605,-1.025,966
91.2817,38.7408,3368,0.043,-9999,1538,0.8,330
90.6894,38.8264,3265,0.0444,-9999,1602,0.3416666666666667,641
90.4312,38.8361,3284,0.0561,-9999,1321,0.4333333333333333,735
90.9025,38.9076,3667,0.0498,-9999,1519,-1.925,675
88.9676,38.9133,2646,0.0746,-9999,1432,4.1,363
90.564,39.0098,3306,0.0649,509.224,1649,-0.025,734
91.1592,39.1194,2861,0.1214,697.274,1593,2.4,301
74.2551,39.2257,4238,0.0436,-9999,2141,-2.5166666666666666,1831
74.5097,39.3025,4009,0.0668,-9999,2432,-3.3416666666666663,1949
74.4088,39.3964,3792,0.132,592.281,2012,-1.4416666666666669,1822
85.5686,28.8251,4580,-0.0658,-9999,2826,0.9166666666666666,3691
85.4737,30.8796,4612,0,-9999,2503,0.25,1683
83.4512,31.291,4760,0,-9999,2619,-1.75,1246
89.0164,31.7586,4539,-0.0049,-9999,2765,0.4916666666666667,4357
91.1553,33.2687,5743,-0.0458,-9999,2428,-15.241666666666664,4489
81.4821,35.353,5901,-0.0619,-9999,2564,-17.783333333333335,404
80.6427,35.3934,6161,-0.0326,-9999,2129,-19.458333333333336,544
81.327,35.4061,5871,-0.0647,-9999,2343,-17.475,481
88.5112,37.0839,4251,0.0011,-9999,2276,-4.1,424
92.4176,27.5237,2360,0.0673,-9999,3002,12.216666666666669,11517
92.549,27.7032,2986,0.0239,-9999,3090,8.9,8316
92.4657,27.7533,5317,0.0115,-9999,2809,-6.6,4517
91.9046,27.8332,4649,0.0241,-9999,2993,-1.55,4460
92.5613,27.8411,4595,0.0154,-9999,2777,-10.708333333333332,4644
91.7509,27.8872,3587,0.3339,1954.82,2912,5.883333333333334,6115
92.3779,28.0467,4454,0.1794,709.469,2716,3.2166666666666663,3474
92.2418,28.0885,5298,0.162,789.881,2170,-4.883333333333334,3789
92.464,28.1585,4395,0.3732,692.691,2360,3.9083333333333337,3251
92.4711,28.177,4429,0.313,662.903,2824,0.08333333333333334,3434
92.1061,28.3208,5424,0.0778,712.564,2165,-5.808333333333334,3521
92.0967,28.3585,4924,0.1896,620.797,2635,-1.3916666666666666,3241
92.0369,28.3993,5052,0.1439,579.933,2448,-1.2916666666666663,3220
92.2566,28.4372,4004,0.343,633.587,2524,5.625,2801
91.4879,28.4809,5216,0.256,931.02,2773,-2.5,3210
92.0066,28.7108,4766,0.2169,866.067,2900,0.04166666666666667,3068
92.2644,28.762,4733,0.2481,997.604,2773,-0.825,3169
91.7281,28.7928,4882,0.3218,843.86,2857,-0.6,3125
91.9661,28.8462,5520,0.0284,647.359,2719,-6.7,3452
92.4961,28.8816,4995,0.3475,1266.81,2955,-1.6,3333
91.4418,29.1476,3953,0.2626,964.915,2484,5.733333333333333,3509
92.2776,29.18,5205,0.3161,939.122,2804,-4.258333333333334,3591
91.5937,29.2509,3609,0.2302,832.546,2426,7.15,3590
92.4764,30.3001,4991,0.3055,1090.52,2780,-6.258333333333334,5118
92.3489,30.6991,5015,0.4921,1200.69,2792,-2.775,5266
92.2981,30.7256,5112,0.2971,-9999,2834,-4.758333333333334,5304
92.4007,30.8858,5479,0.5264,-9999,2411,-7.841666666666667,5575
92.0548,30.9786,4966,0.6468,1242.84,2994,-3.75,5053
92.5205,31.0311,5328,0.3928,1218.2,2726,-6.208333333333334,5743
91.9711,31.1774,4739,0.6253,1550.86,2940,-1.8416666666666668,4779
92.419,31.2098,4775,0.5756,1196.4,2707,-3,5441
92.1087,31.4331,4575,0.5221,1356.96,2683,-0.425,4710
91.6384,31.8189,4760,0.3917,1040.62,2574,-2.15,4652
91.4996,31.824,4635,0.4923,1094.3,2779,-0.8916666666666666,4594
91.9722,31.8473,5108,0.3088,1306.57,2867,-5.666666666666666,5185
91.8855,31.9154,4936,0.5656,1336.87,2843,-3.8083333333333336,4870
91.6701,32.2665,4709,0.4496,944.643,2625,-1.8083333333333331,4591
92.0528,32.4357,4843,0.4046,970.576,2885,-4.008333333333334,4958
91.5437,32.4786,4946,0.3323,983.451,2669,-4.366666666666666,4768
91.8168,32.5919,5109,0.2468,838.363,2716,-6.366666666666666,4894
91.5539,32.6074,4933,0.328,923.449,2608,-4.725,4756
91.7491,32.6882,4945,0.2157,945.571,2833,-4.758333333333334,4688
92.5846,32.7724,5582,-0.0612,1193.95,2232,-10.241666666666667,5794
91.724,32.7806,5012,0.2071,895.165,2441,-5.2,4703
91.7028,32.811,5168,0.1551,905.041,2591,-6.5,4783
92.0368,32.8181,5609,0.1069,967.096,2471,-9.3,5279
92.2503,32.9148,5389,0.262,1032.5,2576,-8.516666666666667,5288
92.1224,32.9864,5225,0.3423,1219.14,2874,-7.8916666666666675,5087
92.634,33.1247,4899,0.293,918.936,2541,-4.941666666666666,4933
92.4784,33.1595,4960,0.285,947.352,2745,-5.316666666666666,4947
91.9023,33.259,4819,0.1749,-9999,2492,-4.225,4154
91.6287,33.2715,5367,0.0505,-9999,2294,-8.766666666666667,4375
91.7846,33.2735,5005,0.2315,-9999,2507,-6.183333333333334,4184
92.6108,33.4156,4961,0.398,-9999,2725,-4.925,4620
92.0524,33.9369,4786,0.2446,714.994,2142,-4.383333333333334,3832
92.0438,34.0978,4634,0.2081,516.013,2508,-3.4333333333333336,3496
91.4255,34.2321,4797,0.3774,645.227,2843,-4.608333333333333,3576
92.3018,34.3135,4840,0.3387,-9999,2565,-4.791666666666666,3612
91.7798,34.3689,4771,0.2665,685.207,2366,-4.333333333333334,3569
91.3487,34.3988,5007,0.2651,780.869,2151,-5.583333333333334,3603
92.4735,34.4274,4746,-0.0212,-9999,2151,-4.55,3458
92.585,34.4295,4732,0.2252,-9999,2012,-4.125,3368
91.4904,34.4954,4803,0.1661,538.715,2181,-4.708333333333334,3433
91.9661,34.5649,4850,0.2496,698.43,2008,-5.275,3647
91.6982,34.596,4918,0.2404,559.915,2101,-5.541666666666666,3448
91.5878,34.8255,4934,0.1473,602.821,2328,-6.416666666666667,3314
91.9383,34.8507,4879,0.1858,603.586,2310,-6.216666666666667,3232
92.5272,34.9131,4944,0.3447,710.235,2425,-6.6083333333333325,3269
91.8237,34.9651,4865,0.1354,-9999,2094,-6.025,2948
91.7313,35.0017,4769,0.1054,-9999,2385,-5.3,2775
91.528,35.1739,4814,0.1344,577.513,2041,-5.516666666666667,2708
91.7364,35.2188,4758,0.1525,541.019,2210,-5.291666666666666,2383
91.4918,35.3079,5166,0.147,-9999,1651,-8.866666666666667,3133
92.5333,35.3444,4744,0.2343,555.261,1822,-5.625,2881
92.2076,35.3585,4983,0.1924,689.548,2369,-7.691666666666667,2774
92.6363,35.3719,4720,0.2121,519.7,1907,-5.325,2973
92.322,35.4379,5068,0.10780000000000001,622.819,2215,-7.9833333333333325,2973
92.0645,35.4474,4953,0.234,888.222,2379,-7.841666666666667,2858
92.4929,35.5016,4728,0.2676,-9999,2629,-6.033333333333333,2792
92.3246,35.5091,4695,0.2017,-9999,2590,-5.708333333333334,2574
91.8542,35.6292,4831,0.1814,-9999,2068,-6.675,2679
92.1252,35.7207,4946,0.1711,631.104,2237,-7.416666666666667,2974
91.5237,35.9563,4703,0.1884,677.086,2399,-6.675,2415
91.8764,35.9686,4815,0.1419,-9999,1816,-5.758333333333334,2610
92.3279,36.1162,4075,0.1184,578.405,2180,-2.8583333333333334,1986
91.4566,36.1812,4935,0.0861,-9999,1838,-8.566666666666666,2459
91.8509,36.2256,5211,0.0697,-9999,1781,-9.883333333333333,2698
91.382,36.2257,4962,0.1379,-9999,1333,-8.983333333333333,2485
92.023,36.2401,5216,-0.039,-9999,1909,-12.016666666666667,3032
91.6721,36.4836,4741,0.2104,-9999,2127,-6.45,2083
91.4062,36.6031,4776,0.2234,647.672,1753,-7.441666666666667,1972
91.472,36.6877,4190,0.2228,553.386,1614,-2.6416666666666666,1308
92.1223,36.7012,3678,0.0988,716.833,1508,0.425,964
91.9714,36.7138,3743,0.0895,714.465,1437,0.05,994
92.143,37.1618,3373,0.0545,559.339,1434,1.6,560
91.3857,37.1715,4895,-0.0178,-9999,2158,-8.175,1673
91.4899,37.4109,4602,0.1306,-9999,1708,-5.7,1169
92.2652,37.4506,2993,0.0402,586.409,1562,3.075,336
92.4091,37.6246,2821,0.0557,-9999,1410,3.6916666666666664,250
92.1647,37.636,3025,0.0553,-9999,1308,3.033333333333333,312
92.4286,37.8005,2773,0.0312,-9999,1269,3.8,230
91.879,37.9322,2833,0.0435,-9999,1437,3.5666666666666664,255
92.5079,37.9715,2738,0.0575,-9999,1270,3.725,214
92.6448,38.0292,2717,0.0708,-9999,1330,3.8,162
92.1639,38.5429,2750,0.0467,-9999,1395,3.45,167
92.5672,38.5813,2699,0.0408,-9999,1116,3.3833333333333337,155
91.6832,38.5961,2737,0.0388,-9999,1358,3.5416666666666665,237
91.6331,38.8183,3040,0.0479,-9999,1507,1.725,287
91.6119,38.8836,3053,0.0708,-9999,1259,1.175,305
91.971,38.896,3555,0.0375,-9999,1314,-1.4833333333333334,386
92.5416,38.8995,3350,0.0541,-9999,1490,-0.2,272
91.5331,38.9581,3423,0.0607,-9999,1373,-0.6083333333333333,400
91.88,39.0377,3591,0.0488,-9999,1560,-1.2916666666666663,407
93.1673,28.0116,2702,0.0204,-9999,2850,11.833333333333332,8785
93.5922,28.2743,2929,0.0439,-9999,3074,8.033333333333333,7240
93.0561,28.6256,3829,0.0449,-9999,2805,2.375,3704
93.7891,28.6711,3770,0.0391,-9999,2963,2.333333333333333,5334
93.3011,28.782,4374,0.0609,-9999,2859,-0.8,3946
94.1436,28.885,3581,0.0312,-9999,2999,4.941666666666666,6286
93.9371,28.9982,4840,0.0196,-9999,2618,-3.6333333333333337,5163
93.2377,29.1799,5126,0.0452,939.538,2362,-5.7,4660
93.54,29.3491,4855,0.2385,1513.74,2697,-2.025,4979
93.292,29.4196,4856,0.1615,1061.14,2684,-3.375,4822
92.6593,29.5619,5354,0.0884,-9999,2689,-5.733333333333333,4395
93.1407,29.9619,3832,0.703,-9999,3008,4.891666666666667,5043
94.2465,30.1357,5443,-0.0666,-9999,2533,-12.691666666666666,6633
93.8193,30.3599,4835,0.5465,-9999,2446,-4,6711
93.4489,30.3675,5714,-0.0183,-9999,2357,-11.233333333333333,6484
94.3698,30.3731,3595,0.5395,-9999,2884,2.25,6442
94.6575,30.4644,5013,-0.0249,-9999,2722,-7.125,6807
94.1613,30.4866,5135,0.0172,-9999,2771,-6.675,6957
94.6011,30.4906,4557,-0.0078,-9999,2438,-6.675,6847
93.6551,30.6042,4490,0.6689,-9999,2829,-0.025,6834
92.9878,30.6303,5271,0.2208,1252.67,2367,-6.166666666666666,6298
93.4578,30.6341,5237,0.1029,-9999,2429,-5.616666666666666,6920
94.2471,30.6634,4841,0.2449,-9999,2361,-6.025,6858
94.5169,30.7805,5194,0.018,-9999,2509,-7.791666666666667,6979
92.9397,30.8207,5281,0.3086,-9999,2799,-6.791666666666667,6316
92.9743,30.911,5369,0.0873,-9999,2359,-7.2333333333333325,6361
94.4435,30.9209,5247,0.2855,1396.03,2393,-9.216666666666669,7052
94.1576,31.1681,4330,0.7094,2204.86,2873,-0.2833333333333333,6880
94.1729,31.2299,4345,0.7045,-9999,2621,1.3083333333333331,6675
94.3959,31.2453,4365,0.7461,-9999,2937,1.9,6586
92.854,31.2782,5357,0.191,-9999,2604,-7.55,6306
93.2312,31.2828,5113,0.2795,1451.48,2983,-6.266666666666667,6864
93.6018,31.2859,5558,0.1441,-9999,2171,-9.358333333333333,7078
93.9993,31.2926,4506,0.7582,1691.55,2915,-3.033333333333333,7169
93.1879,31.3254,5019,0.0843,1366.28,2527,-4.758333333333334,6763
92.9472,31.3968,4588,0.691,1724.29,2885,-1.425,6086
93.2849,31.5214,4273,0.6108,1806.46,2839,1.25,6186
94.3793,31.5721,4863,0.358,1362.31,2859,-4.116666666666666,7019
93.6843,31.6839,4765,0.6151,1751.59,2904,-3.4166666666666665,6797
93.2845,31.7349,5215,-0.0531,1302.72,2334,-7.866666666666667,6781
94.2456,31.8088,5182,0.30620000000000003,-9999,2767,-5.025,7047
92.6812,31.8211,4415,0.4139,1163.8,2682,0.2,5242
93.2102,31.8351,4894,0.4375,1277.19,2783,-3.8833333333333337,6379
94.3549,31.8428,4397,0.6949,1725.6,2934,-1.5583333333333331,6503
92.6574,31.8568,4603,0.3976,1288.94,2615,-0.8833333333333334,5345
93.8592,31.8606,4278,0.599,1847.05,2768,0.8,6264
92.8467,31.8698,4501,0.2754,1166.94,2531,0.20833333333333337,5461
93.7594,31.9613,4169,0.6192,1649.63,2753,2.925,5987
93.9367,32.2225,4928,0.5063,1335.92,2966,-4.866666666666666,6719
93.7858,32.2825,4428,0.6832,1729.72,2832,-1.0166666666666666,6147
93.87,32.3057,4786,0.49370000000000003,1310.38,2846,-4.125,6537
94.1406,32.6776,4899,0.4885,1165.54,2578,-5.116666666666666,6132
93.4413,32.7609,4789,0.382,1228.58,2563,-3.9916666666666663,5609
94.1747,32.7956,4872,0.4603,1125.48,2421,-4.683333333333334,5973
92.9589,32.8122,5185,0.4048,1153.38,2583,-8.191666666666666,5636
94.0801,32.8149,4805,0.3993,1151.37,2559,-4.166666666666666,5827
94.3172,32.8549,4809,0.6168,1662.42,2783,-4.633333333333334,5922
93.9985,32.9057,4735,0.4414,1249.15,2731,-3.7666666666666666,5613
93.4643,32.9399,4748,0.4055,1174.35,2644,-3.7833333333333337,5371
94.5399,32.9668,5144,0.2144,1143.2,2382,-6.816666666666667,6302
93.6378,33.0637,4769,0.2853,1111.15,2613,-3.9416666666666664,5238
94.0961,33.1728,4635,0.4355,1251.17,2606,-3.2083333333333335,5232
94.1981,33.3033,4877,0.3441,1157.91,2458,-5.8,5453
92.9956,33.3365,4749,0.3289,957.542,2730,-3.8416666666666663,4675
94.0644,33.3517,4927,0.3002,1200.23,2419,-6.083333333333334,5398
94.6892,33.7463,5100,0.2175,1253.35,2191,-9.075,5363
93.4464,33.8662,4600,0.4268,896.81,2624,-3.1,4184
94.4561,33.9522,4917,0.3409,-9999,2583,-7.1083333333333325,4956
93.7522,34.0579,4680,0.4929,901.18,2645,-3.325,4179
93.1206,34.1233,4594,0.1883,-9999,2416,-2.691666666666667,3790
93.5142,34.2263,4420,0.0925,661.578,2306,-1.8416666666666668,3591
94.1,34.2705,4538,0.4916,786.637,2597,-3.7833333333333337,3986
94.2153,34.2872,5046,0.2769,-9999,2397,-7.416666666666667,4818
94.0149,34.3275,4502,0.5207,852.155,2647,-3.275,3815
93.5696,34.4374,5075,0.2636,-9999,2216,-6.9,4303
94.5698,34.456,4606,0.5522,1135.45,2658,-4.333333333333334,3937
93.3479,34.5092,4958,0.3662,1025.95,2479,-5.641666666666667,3748
93.4528,34.5182,4905,0.4235,738.482,2456,-4.966666666666667,3670
94.7709,34.5647,4624,0.4708,1120.98,2555,-5.566666666666666,4113
93.8096,34.5809,4433,0.3119,733.198,2336,-2.7416666666666667,3426
94.7725,34.6062,4431,0.5853,1229.72,2610,-3.6583333333333337,3565
93.1617,34.6195,4899,0.2373,-9999,2010,-6.041666666666666,3417
94.3726,34.6212,4738,0.3325,698.727,2360,-3.8166666666666664,3432
93.464,34.6853,4475,0.3305,683.764,2582,-3.166666666666667,3083
92.9579,34.9837,4611,0.1965,-9999,2401,-4.025,2955
94.7053,35.0238,4440,0.2296,826.964,2482,-2.5166666666666666,2824
93.3211,35.0649,4854,0.334,617.243,2476,-5.625,3406
92.9052,35.3465,4864,0.1725,497.797,2018,-6.358333333333333,3394
93.8271,35.3984,4527,0.1897,534.808,2592,-3.9166666666666665,2350
94.2187,35.4312,4765,0.1473,-9999,2359,-5.108333333333333,2775
94.6735,35.5283,4780,0.1196,-9999,2557,-6.741666666666667,2829
94.0771,35.62,4736,0.1398,615.821,2373,-6.3,2635
94.2197,35.6651,5388,-0.047,-9999,1993,-13.141666666666666,3902
94.5425,35.7603,4478,0.2721,-9999,2296,-2.825,1988
92.8112,35.818,4475,-0.0125,-9999,2088,-4.341666666666667,2360
94.0011,35.8359,4012,0.3443,682.848,2087,-0.7083333333333333,1470
94.5627,35.8652,3692,0.1866,-9999,2076,-0.4416666666666667,1308
93.0858,35.9053,5031,0.0199,697.663,2058,-10.025,3166
94.692,36.139,3297,0.0718,447.476,1409,2.8583333333333334,714
93.1697,36.3202,4833,0.1092,-9999,2010,-6.316666666666666,2489
94.1497,36.3447,2946,0.0648,-9999,1379,4.058333333333334,440
93.986,36.3538,3138,0.082,444.025,1308,3.45,512
94.4654,36.3952,2807,0.2032,801.591,1153,5.075,372
93.6368,36.3963,3324,0.0667,426.226,1356,2.2416666666666667,711
94.5764,36.4145,2800,0.1376,583.281,1348,5.016666666666667,369
93.2628,36.4657,3532,0.0733,-9999,1494,0.4833333333333333,963
93.9077,36.6151,2789,0.0663,503.356,1434,4.391666666666667,349
93.832,36.6393,2792,0.063,413.061,1506,4.316666666666666,357
94.685,36.688,2707,0.1133,535.507,1632,5.008333333333334,334
94.1293,36.7481,2724,0.0601,-9999,1553,4.583333333333334,301
93.1869,36.7501,3122,0.062,-9999,1272,2.441666666666667,492
94.7868,36.8067,2692,0.0311,-9999,2082,5.733333333333333,316
93.6296,36.8394,2761,0.1361,531.243,1263,4.375,287
93.5659,36.9579,2753,0.0643,-9999,1597,4.375,267
92.8768,36.9695,2974,0.0448,-9999,1447,3.2,409
94.2891,37.044,2679,0.05,-9999,2008,4.291666666666666,292
93.5189,37.1489,2744,0.1055,789.389,1531,4.033333333333333,278
93.6154,37.2003,2723,0.0521,435.454,1622,4.325,231
94.3949,37.2034,2684,0.0187,-9999,1786,5.2,228
94.3565,37.2768,2723,0.0535,-9999,1252,4.591666666666667,262
94.4708,37.2784,2702,0.0593,-9999,1404,4.841666666666667,281
94.2744,37.2932,2727,0.0486,-9999,1288,4.475,252
92.7709,37.3299,2802,0.044,538.588,1353,3.775,285
93.0807,37.4085,2747,0.055,-9999,1620,4.183333333333334,210
93.6352,37.5052,2693,0.067,848.241,1337,4.183333333333334,194
92.6698,37.512,2756,0.0785,-9999,1408,3.9583333333333335,222
93.0497,37.5881,2778,0.0511,-9999,1216,3.75,190
94.2225,37.6513,2717,0.0502,-9999,1376,4.508333333333334,199
93.692,37.7134,2835,0.0605,-9999,1382,3.875,162
94.2281,37.7936,2781,0.0575,-9999,1269,4.175,217
93.4144,37.8091,2708,0.0474,-9999,1501,4.016666666666667,158
92.972,37.8154,2709,0.0469,-9999,1360,3.9833333333333334,166
93.7536,37.8441,2720,0.0465,-9999,1331,4.025,148
94.6918,37.8618,2887,0.0552,-9999,1401,3.275,335
93.8608,37.8741,2664,0.0458,-9999,1245,4.333333333333334,144
93.8626,38.1474,2796,0.0418,-9999,1251,3.5416666666666665,156
93.4599,38.1601,2714,0.0441,-9999,1279,3.8333333333333335,96
93.8848,38.289,2737,0.0326,-9999,1220,3.75,164
93.7272,38.3404,2749,0.034,-9999,1413,3.5416666666666665,134
92.8193,38.5488,2774,0.0446,-9999,1077,3.2166666666666663,127
93.4201,38.5633,2775,0.0202,-9999,1532,3.166666666666667,167
94.0904,38.5668,3422,0.0806,-9999,1676,0.11666666666666668,522
94.4764,38.6382,2985,0.0553,-9999,1376,2.0083333333333333,391
93.097,38.6419,2741,0.0389,-9999,1467,2.833333333333333,258
92.665,38.7248,2741,0.0458,-9999,1461,3.4,119
93.2443,38.7317,2747,0.0447,-9999,1403,3.1166666666666667,204
92.9649,38.7556,2732,0.0425,-9999,1497,2.933333333333333,222
94.2688,38.79,2855,0.1256,1171.64,1661,1.9166666666666667,425
93.8163,38.7992,3104,0.0566,-9999,1500,0.01666666666666666,409
94.6657,38.8617,3062,0.0579,-9999,1205,1.6166666666666667,327
94.6998,39.0631,3270,0.0635,-9999,1401,0.5583333333333333,371
94.0382,39.2135,3523,0.0591,-9999,1495,-2.1083333333333334,725
94.7798,39.3372,3678,0.0879,665.884,1388,-3.9333333333333336,460
93.5321,39.4441,3246,0.149,986.687,1549,-0.30833333333333335,486
97.1586,28.0524,4031,0.2577,-9999,2827,1.2,8889
97.0415,28.2586,1990,0.0754,-9999,2828,16.45,21597
96.8029,28.3003,-9999,0.1704,-9999,2962,1.4083333333333334,8931
97.2386,28.3357,3916,0.0424,2232.89,2882,2.033333333333333,8546
96.5555,28.4638,3116,0.0316,-9999,2993,11.25,14411
96.1545,28.5243,-9999,0.031,-9999,3028,4.108333333333333,9405
98.2305,28.5271,3744,0.2542,-9999,3029,4.491666666666666,6885
95.9957,28.6661,-9999,0.2329,-9999,2836,17.308333333333334,19282
95.6246,28.8521,-9999,0.3827,-9999,2923,11.541666666666668,11621
95.5754,28.8627,-9999,0.2289,-9999,3058,11.633333333333333,11504
97.0397,28.8879,4547,0.0365,2233.82,2755,-1.45,7038
95.5776,29.0164,3674,0.0489,-9999,3248,4.516666666666667,8349
94.9576,29.0247,-9999,0.0604,-9999,2848,15.233333333333334,12619
95.8929,29.0428,3654,0.0444,-9999,3056,5.658333333333333,8431
96.0707,29.0651,3802,0.0262,-9999,2997,1.4083333333333334,7697
95.237,29.0685,3649,0.0288,-9999,2653,2.65,7168
96.6206,29.156,4569,0.0027,-9999,2653,-3.6583333333333337,6995
96.8886,29.2238,5099,-0.0339,-9999,2707,-7.425,6423
96.3033,29.2773,2635,0.2729,-9999,2730,4.541666666666666,8407
94.8637,29.3461,3394,0.0219,-9999,2979,2.058333333333333,7077
97.287,29.4083,5021,0.0284,-9999,2719,-6.075,6211
95.0162,29.4801,4398,0.021,1290.63,2871,-0.8833333333333334,6583
96.9185,29.4903,4712,0.0335,1417.14,2680,-2.058333333333333,6393
95.9611,29.497,4909,0.032,-9999,2738,-2.55,6726
97.0146,29.5477,5388,0.0552,-9999,2410,-10.125,6123
97.1981,29.569,5363,0.0229,-9999,2809,-7.083333333333333,6087
95.7686,29.6134,3547,0.04,-9999,3107,1.8833333333333333,7444
96.7162,29.6442,4598,0.0832,-9999,2752,-2.5166666666666666,6205
97.6386,29.6483,4798,0.3721,1388.3,2798,-3.166666666666667,5629
96.8369,29.7073,4850,0.028,1352.43,2390,-6.866666666666667,6091
96.2232,29.7102,4485,0.063,-9999,2589,-0.075,6786
97.878,29.8643,4922,0.2131,-9999,2744,-2.933333333333333,5571
96.2275,30.0087,5163,0.0534,-9999,2697,-4.916666666666666,6339
95.5349,30.0869,3037,0.0959,-9999,2724,7.658333333333333,7569
97.7686,30.1349,5217,0.1223,-9999,2573,-6.341666666666667,5733
95.8699,30.1672,4489,0.1077,-9999,2612,-2.8833333333333333,6656
97.483,30.2328,4357,0.3634,1526.04,2507,1.6833333333333331,5330
94.8555,30.3122,3806,0.17,-9999,3009,0.95,6734
96.5367,30.3694,3762,0.234,1475.14,2436,4.075,5982
95.1385,30.5245,5086,-0.0191,-9999,2664,-8.183333333333334,6931
98.1776,30.5951,4183,0.5743,-9999,2878,2.958333333333333,5241
96.94,30.6211,4877,0.5572,2055.5,2848,-4.108333333333333,5787
95.6545,30.6335,5082,0.2915,1389.53,2540,-4.808333333333334,6362
96.9005,30.7158,4377,0.0862,1298.13,2811,1.0333333333333334,5550
97.3628,30.7829,3204,0.1775,1436.5,2597,7.875,5172
96.2938,30.796,4413,0.369,-9999,2577,-0.5166666666666667,6010
96.2713,30.8514,3912,0.5299,-9999,2427,4.141666666666667,5737
97.5766,30.8662,4289,0.3486,1733.67,2741,1.3583333333333334,5372
98.0853,30.9316,4571,0.6056,-9999,2889,-1,5609
95.9481,30.9418,3747,0.6156,1486.85,2369,7.041666666666667,5884
96.8413,31.123,4071,0.5975,1908.19,2871,2.7,5352
95.0676,31.1609,3661,0.9419,-9999,2861,5.566666666666666,6220
96.949,31.2145,3952,0.7463,-9999,2807,4.625,5149
97.8859,31.2188,4072,0.5677,1973.04,2920,2.45,5495
97.9802,31.2249,4155,0.2964,1991.99,2828,3.183333333333333,5442
97.3479,31.2688,4739,0.676,2112.79,2815,-2.625,5730
95.2375,31.3635,4972,0.1962,1473.16,2440,-5.033333333333333,7092
96.2635,31.6194,4574,0.4818,1525.73,2671,-3.9416666666666664,6388
95.2383,31.621,4847,0.6069,1338.94,2676,-3.925,6969
97.228,31.6362,4413,0.5844,1222.91,2615,-2.716666666666667,5908
97.1408,31.7175,4306,0.6776,2010.93,2717,1.0333333333333334,5612
95.3618,31.7185,4499,0.3074,1723.88,2590,-9.2,7256
95.4568,31.7488,4802,0.4243,-9999,2546,-5.908333333333333,6764
95.3707,31.7493,4929,0.5859,1581.25,2894,-6.7,7065
96.2836,31.818,4257,0.6324,1741.13,2842,2.65,5857
95.0948,31.8197,4140,0.8079,-9999,2930,-1.1916666666666669,6517
97.8553,31.8229,4419,0.5312,2023.42,2866,-0.65,5994
95.0054,31.8463,4812,0.4664,-9999,2454,-5.433333333333334,6904
96.2014,31.8943,4268,0.6062,2079.96,2897,0.475,5942
95.4314,32.0501,5155,0.3132,-9999,2562,-6.975,6766
96.899,32.0559,4503,0.6524,-9999,2854,0.04166666666666667,5734
96.8065,32.0704,4381,0.6648,2079.04,2881,0.8333333333333334,5693
95.3413,32.1134,4579,0.7252,1378.64,2919,-4.158333333333333,6491
95.9288,32.1499,4835,0.184,-9999,2484,-4.5,6456
97.7971,32.3596,4615,0.3063,-9999,2817,-4.35,6079
97.2561,32.3818,4290,0.7106,2108.06,2773,-1.3416666666666666,5935
97.0834,32.4162,4158,0.7507,1949.27,2794,0.35,5680
96.3888,32.4224,3814,0.6842,1619.41,2826,3.5416666666666665,5248
95.9862,32.425,4447,0.6326,1654.39,2914,-1.55,5915
97.0084,32.5393,4420,0.5574,1655.74,2800,-3.2416666666666663,6140
95.2044,32.5461,4711,0.5336,1323.15,2794,-3.3333333333333335,6086
95.7871,32.5632,4624,0.4695,1074.21,2775,-2.45,6047
96.6256,32.624,4564,0.5009,2051.08,2848,-3.1333333333333333,6016
95.4514,32.6969,5128,0.2547,-9999,2450,-7.166666666666667,6493
95.8418,32.7014,4395,0.5982,1271.77,2853,-0.5333333333333333,5634
97.6527,32.7691,4443,0.6636,1611.14,2817,-4.708333333333334,6161
96.4351,32.7787,4565,0.5826,1576.02,2862,-3.55,6112
97.7875,32.8371,4922,0.3921,1296.69,2854,-6.3,6345
97.3619,32.8673,4356,0.7014,1982.4,2723,-0.925,5895
95.3455,32.8674,4059,0.6409,1876.42,2860,-0.625,5556
95.2144,32.9148,4111,0.5358,1351.5,2844,0.8916666666666666,5285
96.5,32.9645,4781,0.4111,1161.62,2731,-4.616666666666666,6093
95.5735,32.9722,4312,0.5503,1682.84,2896,-1.0666666666666669,5428
95.458,32.9782,4913,0.2068,1113.7,2488,-5.125,6157
95.8466,33.0816,4678,0.3232,1103.59,2594,-4.941666666666666,6000
95.0458,33.0835,4641,0.5451,1347.05,2946,-2.683333333333333,5510
97.1088,33.1381,3618,0.4836,-9999,2827,1.475,5119
97.7976,33.1836,4349,0.6536,1804.59,2798,-1.5333333333333334,5684
95.8308,33.2525,4929,0.2967,-9999,2643,-8.275,6179
95.6411,33.2791,4912,0.3852,1123.53,2743,-6.683333333333333,5933
96.1732,33.4776,4598,0.6315,1274.54,2812,-4.233333333333333,5557
94.9668,33.5173,5294,0.1398,-9999,2308,-8.591666666666667,5734
96.0211,33.6634,4849,0.4426,-9999,2712,-5.308333333333334,5512
95.0743,33.7207,5044,0.0885,-9999,2562,-8.716666666666667,5466
95.6624,33.765,4475,0.6927,1556.21,2899,-2.675,4935
97.5885,33.8206,4628,0.3573,1123.47,2662,-5.183333333333334,5350
95.1157,33.8952,4778,0.3836,-9999,2718,-5.8,5028
95.7417,33.9243,4801,0.5405,1322.18,2859,-3.041666666666667,4786
96.2235,33.9353,4776,0.1985,1213.92,2773,-7.066666666666667,5343
95.133,34.0049,4858,0.5373,-9999,2770,-7.2,5110
95.5849,34.0064,4646,0.5689,1794.97,2762,-5.375,4931
95.851,34.0717,4524,0.5427,1381.99,2784,-2.2583333333333333,4474
97.2291,34.129,4524,0.5432,1206.98,2753,-5.008333333333334,4720
95.8884,34.1436,4419,0.4083,1061.39,2704,-2.825,4491
95.5977,34.194,4181,0.5387,1263.36,2688,-1.225,4101
96.8265,34.2063,4537,0.3459,1055.76,2744,-4.733333333333333,4678
95.9843,34.2273,4717,0.5254,-9999,2775,-6.358333333333333,4670
97.9587,34.348,4538,0.4773,1151.48,2741,-5.575,4422
97.4248,34.4316,4472,0.4977,1167.75,2758,-4.941666666666666,4203
95.2362,34.444,4332,0.5304,872.082,2622,-2.341666666666667,3745
97.2626,34.4544,4532,0.5224,1167.12,2689,-5.333333333333334,4224
95.0449,34.4654,4846,0.4446,-9999,2485,-6.091666666666667,4493
96.4828,34.5098,4663,0.3984,1164.41,2699,-6.2,4243
97.2331,34.525,4459,0.3594,1003.47,2531,-4.625,4013
94.9828,34.5291,4429,0.4866,1204.64,2740,-3.4166666666666665,3741
96.1189,34.5455,4647,0.3726,975.028,2734,-5.575,4086
96.4383,34.5548,4676,0.4506,1202.48,2741,-6.233333333333333,4158
96.5847,34.5694,4736,0.4452,955.371,2624,-6.716666666666667,4275
95.421,34.5939,4603,0.4825,1110.18,2719,-4.05,3918
98.1022,34.601,4225,0.3804,1131.79,2660,-2.8833333333333333,3779
96.2697,34.6262,4735,0.369,992.177,2701,-6.966666666666667,4146
97.3934,34.6428,4504,0.3948,956.154,2612,-5.683333333333334,4028
95.7501,34.6745,4877,0.4249,-9999,2624,-6.958333333333333,4131
95.4579,34.6771,4854,0.3478,1192.98,2263,-5.583333333333334,3943
97.8669,34.7601,4501,0.5269,915.255,2746,-4.341666666666667,3688
98.1152,34.7631,4214,0.3181,843.352,2524,-3.0166666666666666,3594
95.0373,34.8133,4545,0.4563,992.097,2642,-3.6916666666666664,3438
94.9267,34.9271,4389,0.1972,-9999,2511,-2.091666666666667,2941
97.5303,34.9374,4353,0.5577,882.485,2533,-4.208333333333334,3432
95.4919,34.9448,4671,0.2939,665.26,2424,-4.966666666666667,3369
97.3667,35.0062,4290,0.2901,869.531,2688,-3.6166666666666663,3293
95.7323,35.057,4630,0.4271,978.756,2708,-6.283333333333333,3358
97.951,35.0852,4254,0.2985,714.899,2498,-3.65,3328
98.2303,35.1983,4590,0.3113,899.726,2484,-5.825,3757
96.6972,35.2164,4464,0.3033,814.022,2297,-4.55,3019
97.8566,35.2232,4446,0.2505,722.678,2217,-5.166666666666666,3471
97.4884,35.3049,4514,0.3643,763.229,2464,-6.1,3340
97.8109,35.3134,4888,0.0557,866.658,2372,-8.191666666666666,3936
95.9783,35.3305,4454,0.1762,-9999,2342,-4.741666666666666,2766
98.177,35.3578,4232,0.3194,823.816,2365,-4.416666666666666,3205
98.0051,35.3733,4257,0.3858,997.115,2393,-5.358333333333333,3284
97.6487,35.3773,4843,0.2182,940.18,2165,-8.033333333333333,3826
96.6604,35.3954,4460,0.3241,725.4,2362,-5.758333333333334,2864
97.617,35.4222,4929,0.0018,-9999,2144,-9.058333333333334,3955
96.2124,35.4281,4667,0.2671,-9999,2324,-5.45,2787
96.3841,35.4778,4322,0.2084,627.616,2529,-4.1,2573
96.4822,35.5409,4517,0.2035,-9999,2370,-5.241666666666666,2722
97.6839,35.6042,4324,0.1686,638.534,2117,-4.725,2902
95.6777,35.6647,4695,0.3532,-9999,2371,-5.125,2591
96.2701,35.7213,4518,0.2186,830.072,2276,-5.641666666666667,2483
97.1058,35.739,4718,0.2111,-9999,2225,-7.366666666666667,3048
97.018,35.7444,4740,0.2719,697.785,2027,-6.725,3045
97.2041,35.7502,4807,0.074,-9999,2103,-10.5,3596
96.1236,35.8134,4530,0.2292,616.512,2343,-4.95,2390
96.8696,35.8238,5100,-0.0382,-9999,2084,-10.458333333333332,3594
96.9528,35.8404,5158,-0.0486,-9999,2302,-10.991666666666667,3577
96.6914,35.8408,4193,0.1366,-9999,2216,-3.5583333333333336,2296
96.7434,35.8913,4758,0.3026,-9999,2152,-8.608333333333333,3107
97.097,35.917,4532,0.2649,-9999,2346,-6.533333333333333,2817
94.9115,35.9379,4371,0.1105,-9999,2096,-3.5916666666666663,1893
96.3488,35.9692,4570,0.1594,-9999,2238,-6.683333333333333,2368
95.1151,35.9978,4815,0.1192,-9999,2351,-6.375,2423
95.027,36.0766,4643,0.1096,-9999,2213,-7.458333333333333,2446
96.1118,36.1352,4716,0.1417,-9999,2225,-7.658333333333333,2522
96.3465,36.1865,3564,0.0697,-9999,1758,2.7583333333333333,1052
97.5793,36.1962,2857,0.4748,882.04,1675,5.341666666666667,1424
96.8037,36.2291,3134,0.0579,-9999,1560,4.741666666666666,886
96.9663,36.2377,2818,0.0411,-9999,1988,5.783333333333333,889
97.9224,36.3431,3098,0.1224,624.078,1576,4.275,1737
95.542,36.3696,2811,0.0467,-9999,1327,5.233333333333333,495
95.9294,36.396,2825,0.0316,-9999,1360,5.141666666666667,479
96.2846,36.408,2794,0.2323,-9999,1110,5.35,520
96.6007,36.5046,2708,0.0678,431.067,1763,5.925,555
97.8763,36.5525,3017,0.0896,-9999,1476,4.683333333333334,1619
95.7238,36.5918,2697,0.0618,-9999,1957,5.958333333333334,388
96.2834,36.6378,2693,0.0644,-9999,1771,5.841666666666667,467
97.466,36.6407,2903,0.0591,447.409,1575,5.358333333333333,1285
95.4626,36.6727,2689,0.0631,-9999,2121,5.883333333333334,352
95.9278,36.6781,2685,-0.066,-9999,1888,5.683333333333334,404
95.6286,36.6956,2684,-0.0997,-9999,2211,5.791666666666666,368
97.8533,36.7618,3073,0.1103,-9999,1528,4.466666666666667,1633
98.1423,36.8201,3367,0.1446,564.793,1660,0.85,2017
96.9383,36.886,2789,0.0438,447.413,1443,5.233333333333333,911
98.0054,36.8939,4104,0.3134,-9999,2271,-6.208333333333334,2681
95.6008,36.9384,2684,-0.0732,-9999,2313,5.8,374
97.0561,36.9581,2980,0.0745,-9999,1394,4.716666666666667,1100
96.8488,36.9625,2798,0.0598,443.795,1397,4.958333333333334,865
97.7758,36.9958,3219,0.1216,588.905,1930,2.058333333333333,1675
97.5126,37.0273,2954,0.0872,450.952,1471,4.458333333333334,1426
95.2034,37.0369,2682,-0.0429,-9999,2006,4.466666666666667,371
96.1269,37.0505,2840,0.0669,-9999,1498,5.141666666666667,526
97.3257,37.1912,2862,0.433,862.459,1690,4.783333333333333,1287
94.8991,37.1925,2697,0.0637,-9999,1309,5.508333333333334,312
95.5649,37.2201,2893,0.0491,-9999,1772,4.558333333333334,462
96.9225,37.2357,2819,0.1597,992.891,1842,3.725,994
97.6732,37.2939,3560,0.2408,-9999,1844,-1.1166666666666667,1916
97.6312,37.2988,3675,0.2073,-9999,1907,-0.8666666666666666,1880
95.2238,37.3006,2870,0.0565,-9999,1547,4.091666666666667,426
96.7453,37.3006,2844,0.1202,851.545,1455,4.866666666666666,942
96.9252,37.3309,2832,0.1327,440.51,1378,4.866666666666666,1014
97.8842,37.4144,3295,0.2091,480.861,1845,0.4083333333333333,1965
95.1653,37.4145,3136,0.0589,-9999,1529,2.816666666666667,488
95.7373,37.4174,3165,0.0671,-9999,1600,2.533333333333333,630
96.5443,37.5038,3337,0.1121,536.82,1692,2.25,1067
95.2296,37.5322,3386,0.0702,-9999,1543,0.7083333333333333,660
95.3737,37.5677,3200,0.0813,-9999,1593,1.7666666666666668,615
97.0047,37.6035,3849,0.2159,564.42,1944,-4.325,1669
97.1139,37.6114,4054,0.1826,530.906,2022,-4.966666666666667,1954
97.0878,37.6229,4188,0.1498,519.152,1849,-4.975,1917
97.7425,37.6736,4327,0.2549,-9999,1941,-6.8,2473
97.6881,37.7492,4526,0.2201,-9999,2173,-9.458333333333332,2570
96.0792,37.8526,3925,0.1124,-9999,1619,-4.175,1246
96.6334,37.9559,4688,0.1374,598.706,1792,-10.025,1930
97.1258,37.9622,4345,0.1528,-9999,2032,-7.841666666666667,2012
97.4175,37.9702,4426,0.1953,-9999,1768,-8.516666666666667,2336
95.4945,38.0761,4648,0.1366,-9999,1847,-11.116666666666667,1745
96.7291,38.1626,4294,0.1747,-9999,1736,-7.583333333333333,1738
97.9226,38.1993,4275,0.0864,619.526,1479,-7.883333333333333,2484
96.1581,38.2271,4857,0.0423,-9999,2066,-13.25,1961
95.5245,38.3362,4866,0.0837,-9999,1743,-11.583333333333332,1917
96.6478,38.3927,4278,0.1535,-9999,1783,-6.7333333333333325,1610
95.0255,38.4295,4369,0.1533,-9999,2010,-9.016666666666667,1581
97.3555,38.5023,4629,0.1346,-9999,1750,-9.7,2187
96.6092,38.5104,4143,0.168,-9999,1753,-6.7,1556
95.0844,38.5781,3650,0.1301,599.96,1590,-2.833333333333333,881
98.2068,38.5876,3914,0.2561,563.833,1952,-6.108333333333333,2457
96.0011,38.6299,4101,0.1565,-9999,1918,-6.991666666666667,1399
96.7036,38.6342,3824,0.2683,670.863,2083,-5.166666666666666,1337
95.5399,38.6804,3652,0.0994,664.256,1486,-4.258333333333334,1037
95.3442,38.7472,3460,0.0714,-9999,1360,-1.15,932
97.4719,38.8696,4299,0.0677,640.252,2076,-9.191666666666666,2146
98.0754,38.8874,3840,0.29,679.732,2180,-6.25,2326
95.1079,38.9319,3369,0.0865,-9999,1543,-1.1,609
96.5401,38.9832,4060,0.2229,751.068,1904,-6.758333333333333,1441
98.1868,39.0038,3542,0.2429,521.411,1775,-4.666666666666666,2204
96.8549,39.0286,4050,0.1792,673.143,2081,-6.4,1534
97.446,39.1027,4363,0.0894,-9999,1883,-8.608333333333333,1986
95.6009,39.112,3581,0.1063,498.649,1741,-4.491666666666666,868
97.5037,39.1277,3953,0.2114,643.94,1910,-6.541666666666667,1785
96.3954,39.1375,4172,0.156,-9999,1852,-7.441666666666667,1598
97.839,39.1403,4329,0.1147,-9999,1755,-7.583333333333333,2238
97.582,39.1646,3709,0.1368,524.949,1897,-5.433333333333334,1699
96.9482,39.1708,3662,0.0854,527.729,1848,-4.4,1397
95.54,39.2913,3397,0.1107,633.044,1668,-2.4916666666666667,579
97.4096,39.2963,4110,0.1595,650.215,1739,-7.2333333333333325,1658
95.1595,39.3524,3504,0.1847,696.92,1875,-3.475,506
96.9772,39.3693,2677,0.2343,518.174,1794,-1.8166666666666669,1034
96.7959,39.3729,3956,0.167,-9999,1912,-5.75,1387
95.3476,39.3855,3465,0.1219,679.439,1851,-2.35,510
96.9866,39.4101,2913,0.2047,479.878,1891,-2.1,1017
97.2961,39.4347,3428,0.3834,-9999,1982,-5.425,1308
96.7513,39.4631,4008,0.1244,603.097,2089,-7.333333333333333,1445
96.6059,39.5717,3611,0.2057,539.911,2059,-4.8,1028
95.5969,39.6128,3684,0.1845,640.629,1881,-4.241666666666666,727
95.6902,39.6426,-9999,0.1219,-9999,1776,-2.6,639
95.8145,39.6463,-9999,0.1716,-9999,1551,0.6,528
96.0354,39.7713,-9999,0.1269,-9999,1617,4.975,340
96.3332,39.7995,-9999,0.1001,-9999,1743,0.95,460
96.7726,29.2133,4740,-0.0736,-9999,2710,-6.908333333333333,6560
99.048,26.2059,3354,0.0707,-9999,3399,8.008333333333333,10148
99.0638,26.4155,2488,0.0814,-9999,3249,12.233333333333333,11041
98.9691,26.7362,3061,0.0498,-9999,3193,10.441666666666666,11482
99.4634,26.7375,-9999,0.258,-9999,3067,13.275,9096
99.4254,26.7926,-9999,0.3593,-9999,3302,13.616666666666664,9143
99.2543,26.8812,-9999,0.7227,-9999,3107,12.458333333333332,9288
99.6771,27.0101,-9999,0.1328,-9999,3140,13.825,8698
98.9735,27.0231,4042,0.0721,1417.7,3134,1.7916666666666667,9237
99.2095,27.3288,-9999,0.4233,-9999,3216,11.916666666666668,8940
98.8411,27.4866,1763,0.524,-9999,2989,15.3,14138
98.5962,27.7347,1910,0.4012,-9999,3134,13.458333333333334,13789
98.5321,27.7942,3628,0.048,-9999,2972,5.525,8745
99.3718,27.8235,3471,0.0104,-9999,3054,7.75,7516
99.4806,27.8299,3143,0.6037,-9999,3234,8.366666666666667,7264
99.2593,27.9802,2520,0.1578,-9999,3085,11.733333333333333,8547
99.0899,27.9945,3758,0.5276,-9999,3238,3.8666666666666663,6956
99.2208,28.091,3644,0.4505,-9999,3030,6.233333333333333,6784
98.7014,28.1317,4172,0.0561,-9999,3001,0.55,7079
98.9463,28.2133,3754,0.0794,-9999,3251,2.158333333333333,6472
98.372,28.2799,4058,0.0594,-9999,3137,1.6666666666666667,7020
99.666,28.4115,4001,0.5337,-9999,3096,2.166666666666667,6431
99.434,28.4198,3774,0.6608,-9999,3002,0.625,6128
98.3608,28.4958,2670,0.139,2639.13,2757,9.75,8291
99.0884,28.5942,3828,0.4675,-9999,3050,5.066666666666666,5530
98.7521,28.7884,3733,0.1806,-9999,2771,4.841666666666667,5570
99.2625,28.8286,3232,0.5131,1955.46,2968,8.241666666666667,5776
99.5093,28.8818,3531,0.635,2012.53,3025,7.775,5928
99.6618,28.8917,3466,0.4476,-9999,3092,5.566666666666666,6221
98.27,28.9391,4626,0.6816,-9999,2986,-2.45,5870
98.7627,29.0231,4712,0.1394,1616.32,3001,-1.675,5930
99.2161,29.0643,4106,0.3443,1941.22,2956,2.6333333333333333,5239
99.0099,29.0673,4518,0.5353,-9999,3059,2.025,5490
99.6726,29.1206,4155,0.4859,-9999,3076,2.041666666666667,5879
98.4675,29.327,3708,0.6386,-9999,2543,4.716666666666667,5300
98.7,29.379,3926,0.5548,-9999,2548,5.183333333333334,5260
98.5754,29.4997,4074,0.5593,1579.74,2916,2.333333333333333,5313
99.7076,29.7364,4498,0.6011,2156.57,2855,0.4333333333333333,5697
98.4695,29.8366,4654,0.5626,1679.47,2991,-1.7166666666666668,5355
99.1699,29.9882,3395,0.6067,-9999,2842,6.933333333333333,5232
99.2768,30.0036,4884,0.0936,1420.08,3086,-4.05,5702
98.9499,30.5348,3338,0.6531,-9999,2730,7.458333333333333,5472
99.6624,30.5578,4789,0.5131,-9999,2948,-4.741666666666666,6254
98.3103,31.0363,4354,0.6201,1947.43,2783,1.2166666666666666,5468
98.4548,31.1869,4427,0.794,-9999,2827,0.6083333333333333,5775
99.6554,31.2291,4480,0.6877,1683.56,2842,-1.7666666666666668,6386
98.526,31.6026,4179,0.6986,1913.92,2796,2.35,5827
99.6788,31.6671,3630,0.6946,-9999,2725,4.725,6322
99.3834,31.8405,3847,0.7457,2113.23,2759,3.25,6218
99.1061,32.0381,4129,0.7313,1971.45,2749,1.1666666666666663,6051
98.299,32.1363,3279,0.6298,-9999,2762,5.208333333333334,5615
99.151,32.1857,4758,0.4143,1315.48,2949,-5.208333333333334,6724
98.4929,32.4522,4422,0.7732,-9999,2848,-2.375,5981
98.6213,32.5774,4648,0.4939,-9999,2836,-4.1,6146
99.6649,32.7047,4202,0.6532,1856.44,2815,-0.9833333333333334,6699
98.6374,33.0345,4331,0.8112,1890.14,2786,-2.4,5854
99.4458,33.1319,4467,0.542,1323.41,2770,-3.925,6501
99.723,33.3789,4490,0.6192,1311.58,2809,-3.5333333333333337,6719
98.7501,33.4411,4751,0.5227,1442.18,2715,-6.933333333333333,5960
99.695,33.451,4252,0.428,1465.17,2791,-2.7583333333333333,6592
99.4093,33.4684,4416,0.5259,1249.7,2788,-2.808333333333333,6211
99.0319,33.5366,4735,0.3552,1234.62,2605,-7.708333333333333,6413
98.3087,33.664,4502,0.6379,1253.05,2663,-5.025,5359
99.5484,33.7034,4281,0.6443,1658.8,2764,-2.1416666666666666,6103
98.9015,33.8299,4436,0.4418,1244.36,2723,-4.141666666666667,5511
99.1002,33.9041,4504,0.5502,1572.82,2784,-4.325,5586
98.6893,33.9246,4449,0.5415,1247.64,2693,-5.141666666666667,5353
98.8015,33.9816,4467,0.6592,1259.91,2691,-4.066666666666666,5241
99.4312,34.1158,4567,0.5133,1170.28,2668,-4.825,5668
98.5133,34.1839,4463,0.505,1251.36,2631,-5.041666666666666,4851
98.5252,34.3005,4382,0.5245,1166.46,2647,-4.291666666666666,4638
99.1722,34.322,4263,0.423,1175.9,2636,-3.4083333333333337,4907
99.0257,34.329,4325,0.3759,-9999,2686,-3.3333333333333335,4890
99.2382,34.3869,4508,0.6052,1274.98,2571,-5.55,5183
99.2119,34.4567,4358,0.6364,1390.81,2723,-4.841666666666667,4905
98.6183,34.5375,4475,0.4528,976.756,2558,-5.15,4519
98.9071,34.7177,4387,0.2669,864.105,2574,-4.633333333333334,4446
98.7076,34.7378,4257,0.3676,902.253,2630,-3.5916666666666663,4137
98.4642,34.8542,4225,0.3543,850.802,2816,-3.9166666666666665,3818
98.8054,34.9132,4603,0.2733,1042.8,2409,-7.2,4514
98.5462,34.9666,4279,0.3,828.091,2706,-4.3,3784
98.9742,35.0398,4826,0.1399,-9999,2595,-8.9,4928
99.033,35.0711,4313,0.4799,1062.71,2580,-5.166666666666666,4159
99.7337,35.0856,4028,0.6882,1816.13,2650,-2.6,4590
98.5405,35.1545,4458,0.4255,1000.63,2499,-5.608333333333333,3860
99.1041,35.2808,4236,0.4617,915.248,2443,-4.808333333333334,4058
99.7099,35.3496,4031,0.5911,1580.83,2330,-3.725,4368
99.3212,35.3815,4307,0.3073,1024.63,2676,-6.208333333333334,4390
98.3358,35.5246,4550,0.3814,1094.01,2244,-8.383333333333333,3761
99.1348,35.5413,4551,0.2317,1034.81,2275,-7.775,4242
99.0698,35.6359,4446,0.4075,-9999,2460,-7.2,4073
99.5054,35.6702,4131,0.5322,1021.74,2520,-3.4416666666666664,4019
99.0781,35.8705,4286,0.2412,-9999,2402,-6.241666666666666,3796
98.5357,35.9148,4530,0.3756,954.18,2306,-7.1083333333333325,3437
99.5182,36.0194,4495,0.3717,-9999,2540,-7.2666666666666675,4394
98.3722,36.0563,3684,0.1588,585.601,2105,-1.9083333333333332,2465
99.5483,36.243,3633,0.4575,886.868,2122,-0.8666666666666666,3373
98.9181,36.2864,4168,0.3121,651.32,2146,-5.616666666666666,3325
99.3675,36.3027,3394,0.191,708.351,2219,1.575,3007
98.4732,36.339,3806,0.1904,645.21,1980,-3.3833333333333337,2594
99.1111,36.3638,4038,0.4167,814.844,2274,-2.833333333333333,3224
99.7614,36.5256,3633,0.3233,806.139,2132,1.2416666666666667,3237
99.2762,36.6042,3077,0.0884,651.771,1906,1.9583333333333333,2602
99.6625,36.8017,3451,0.6385,1204.05,2315,-0.05833333333333333,3163
99.2865,37.0054,3863,0.5845,1069.76,2295,-4.233333333333333,3312
99.7757,37.0617,3381,0.6382,1660.02,2081,0.7583333333333333,3153
98.5464,37.065,3861,0.4597,889.509,2066,-3.475,2811
98.967,37.1245,4043,0.4329,-9999,2468,-5.25,3296
98.8059,37.1489,4165,0.3855,770.796,2318,-6.333333333333334,3303
98.6912,37.2582,4257,0.2835,873.81,2475,-7.416666666666667,3266
99.0151,37.3724,3529,0.4198,868.686,1896,-0.8,2700
98.5158,37.4333,3908,0.4042,821.015,2068,-4.575,2666
99.749,37.5648,4133,0.5736,1357.38,2569,-6.525,3846
99.3293,37.6144,3800,0.6016,1329.66,2178,-5.766666666666667,3260
99.1675,37.7308,4242,0.5096,1104.06,2434,-7.783333333333333,3337
98.9692,37.8394,4365,0.287,-9999,2011,-9.141666666666667,3387
98.5201,37.9216,4078,0.4492,911.923,2177,-7.158333333333333,2889
98.6221,38.0033,4471,0.1196,-9999,1972,-10.408333333333331,3330
98.2666,38.2187,4153,0.2786,836.011,1962,-7.025,2675
99.7589,38.392,3950,0.5475,-9999,2134,-5.116666666666666,3733
98.8918,38.4124,4050,0.4339,939.972,2326,-7.3916666666666675,3068
98.3714,38.4349,3847,0.1353,-9999,2175,-5.9,2554
98.7712,38.4726,4367,0.2189,-9999,1815,-9.325,3326
99.3724,38.6959,4400,0.2117,-9999,1832,-9.341666666666669,3836
98.2837,38.789,3563,0.3997,666.199,1858,-5.033333333333333,2357
98.9912,38.8401,3787,0.3171,838.353,1920,-5.983333333333333,3014
98.4632,38.8588,3595,0.3111,531.238,1793,-4.108333333333333,2458
98.4063,39.2952,3603,0.2056,512.898,1953,-4.433333333333334,2173
100.204,27.0902,4535,0.0601,-9999,3433,0.525,8524
100.636,27.4026,3113,0.5293,-9999,3181,8.533333333333333,7413
101.124,27.8756,2497,0.4721,2088.62,3334,13.566666666666666,8380
101.313,28.2984,3952,0.7199,2075.96,3194,3.675,8333
100.501,28.4688,3830,0.7435,-9999,3149,1.9583333333333333,7460
101.559,28.5333,3720,0.6802,2172.34,3217,4.375,8606
101.051,28.5855,3958,0.5282,1458.66,3148,2.566666666666667,7481
100.49,28.5919,3366,0.4985,1902.75,2919,7.166666666666667,7026
101.817,28.6347,2456,0.7886,-9999,3112,9.916666666666668,8974
100.662,28.7339,4345,0.5959,1848.31,3092,0.4916666666666667,7202
100.747,28.789,4015,0.4952,-9999,3132,1.8416666666666668,7205
100.164,28.8628,4660,0.4891,1895.8,3167,0.33333333333333337,6680
101.662,28.9452,4433,0.7141,2160.31,3110,-0.675,8316
100.769,28.9552,4350,0.6028,2249.47,3089,1.9333333333333331,7208
102.012,28.9612,3343,0.8658,-9999,3163,5.5,8942
101.613,29.0224,4126,0.6644,-9999,3110,-0.5583333333333333,8250
101.79,29.0342,3867,0.8128,-9999,3127,1.9416666666666669,8543
102.191,29.1359,3349,0.8181,-9999,3169,6.841666666666667,9287
101.772,29.3893,4835,0.2468,-9999,2977,-4.425,8861
101.793,29.4891,4229,0.6532,2148.82,3014,-0.825,8795
100.147,29.5349,4597,0.3326,1476.05,3182,-1.625,6236
101.447,29.6608,3871,0.7156,-9999,2957,5.708333333333334,7802
102.196,29.8805,-9999,0.8079,-9999,3546,14.425,11070
101.607,29.9714,3580,0.6938,-9999,2891,5.7,7654
101.956,29.9917,2954,0.7561,2116.69,2883,8.933333333333334,8485
99.8827,30.0126,4378,0.6326,-9999,2949,-0.8333333333333334,5860
101.174,30.0521,3790,0.7264,-9999,3011,4.125,6968
102.249,30.1558,2499,0.8987,-9999,3011,8.466666666666667,8746
101.039,30.1688,3204,0.7251,-9999,2810,9.033333333333331,6655
100.71,30.1805,3870,0.3783,-9999,3018,4.241666666666666,6699
101.037,30.2661,3190,0.6839,2059.55,2940,7.75,6736
100.806,30.2756,3590,0.7337,-9999,2840,5.716666666666667,6606
102.433,30.2793,3128,0.6829,2326.92,3293,4.841666666666667,9079
102.346,30.2946,3203,0.8172,-9999,2983,4.641666666666667,8385
101.925,30.3095,4194,0.7369,2419.55,2989,-2,8228
100.228,30.3986,4382,0.5698,-9999,2790,-0.175,6524
102.23,30.4519,3964,0.7168,2025.74,2888,4.683333333333334,8241
102.183,30.5136,4151,0.7542,2250.93,3086,1.1333333333333333,8135
100.047,30.5561,3883,0.6464,-9999,2909,4.35,6097
101.115,30.5897,4434,0.5977,-9999,2874,0.03333333333333333,6960
100.829,30.6691,4589,0.5715,2332.74,3045,-0.975,6951
102.643,30.6996,3057,0.6627,-9999,3078,6.008333333333334,8403
100.021,30.7468,3952,0.6872,-9999,2810,2.6416666666666666,6166
103.014,30.8079,4510,0.3438,1438.28,3089,-3.2166666666666663,9069
101.687,30.8481,4471,0.601,2144.03,2887,-2.275,7840
101.712,30.8665,3840,0.7957,-9999,2979,2.091666666666667,7369
100.793,30.9248,4449,0.6538,1799.26,2837,-1.2,6932
103.122,30.9262,3143,0.7309,-9999,3258,2.85,8947
100.761,30.9434,4434,0.7031,1988.18,2918,-1.2583333333333333,6963
100.147,30.9446,3785,0.7373,-9999,2846,4.241666666666666,6223
101.692,31.0249,3643,0.7194,-9999,2937,3.45,7233
101.436,31.0956,4582,0.3059,-9999,2869,-1.9416666666666669,7713
101.768,31.1061,4010,0.6303,1979.59,2970,-0.4833333333333333,7720
100.127,31.1348,4371,0.6193,2313.97,2883,-0.375,6594
102.343,31.1413,4012,0.7814,2011.57,2903,1.3833333333333333,7852
101.884,31.1486,3090,0.745,1941.33,2790,8.291666666666668,6800
101.375,31.1746,4734,0.4193,-9999,2943,-4.108333333333333,8093
103.111,31.2178,4156,0.5543,1430.82,2971,-0.7,9187
102.519,31.2586,3934,0.8105,-9999,3034,2.308333333333333,7960
102.432,31.2744,3955,0.7618,-9999,3171,3.3416666666666663,7820
103.263,31.2884,3793,0.5251,2625.15,2991,0.4583333333333333,9546
100.098,31.3519,4694,0.6396,1409.14,2904,-0.6833333333333333,6819
100.145,31.3863,4459,0.6075,2228,2853,1.1166666666666667,6741
101.758,31.3964,4026,0.6912,2193.06,2920,-0.5,7948
102.816,31.401,3113,0.8172,-9999,3227,3.9833333333333334,8358
99.8344,31.5673,4787,0.2161,-9999,2800,-5.825,6913
101.944,31.6608,3545,0.7734,-9999,2955,2.291666666666667,8301
103.795,31.6699,2050,0.8648,-9999,3664,9,8969
102.701,31.717,4257,0.4422,2043.71,2989,-1.9916666666666667,9300
100.636,31.759,3996,0.7182,-9999,2801,0.9666666666666666,7202
101.904,31.7767,3327,0.7963,-9999,3028,7.15,7460
103.124,31.7775,3754,0.7452,2020.85,2954,-0.1,9181
103.174,31.7991,3754,0.6015,-9999,3053,-3.3166666666666664,9444
101.42,31.8269,4582,0.5465,1573.57,2910,-2.35,8345
103.383,31.8422,2996,0.8562,-9999,3197,4.308333333333334,8527
102.118,31.9342,2880,0.824,-9999,2943,10.091666666666669,7540
103.284,31.9361,3804,0.7899,-9999,3055,0.85,8912
101.152,31.944,4366,0.6958,2356.14,2885,-0.1,7914
100.168,32.0148,4355,0.5888,1648.5,2965,-1.45,7234
103.467,32.031,3648,0.7816,-9999,3059,1.425,8847
101.276,32.0536,4434,0.5455,1322.4,2854,-3.3083333333333336,8377
103.847,32.1071,3117,0.6773,-9999,3120,4.633333333333334,9233
100.39,32.1464,3917,0.7212,2179.12,2872,2.1416666666666666,7224
103.092,32.1516,2988,0.8486,-9999,2897,5.583333333333334,8417
103.991,32.1583,3216,0.8515,-9999,3425,4.1,9488
101.807,32.2084,3357,0.7906,-9999,2987,6.4833333333333325,7980
100.788,32.2398,4465,0.581,-9999,2866,-1.7333333333333332,7998
104.006,32.2562,2761,0.8681,-9999,3564,5.475,9203
102.974,32.2762,4254,0.5426,1455.51,2999,-1.9333333333333331,9347
101.364,32.2944,3866,0.7264,2142.6,2881,1.9166666666666667,8248
99.7951,32.3348,4156,0.6818,1933.57,2763,-0.38333333333333336,6945
103.728,32.3655,2695,0.6627,2145.91,2955,7.841666666666667,8290
101.196,32.4272,3807,0.695,2121.39,2890,2.85,8026
103.95,32.4395,3430,0.7719,2507.23,2986,0.29166666666666663,9005
101.973,32.5321,3574,0.7545,2141.01,2918,2.7583333333333333,8223
100.585,32.5362,3957,0.6892,2060.08,2911,-0.25833333333333336,7979
102.463,32.5595,3874,0.7576,2303.06,2976,1.0416666666666663,8629
102.805,32.5619,4427,0.4155,1276.66,2992,-4.458333333333334,9601
104.302,32.609,-9999,0.8078,-9999,3113,2.541666666666667,8406
102.535,32.6101,3801,0.7254,2345.64,2947,0.6083333333333333,8710
100.461,32.6808,4033,0.6831,1844.89,2845,-0.9083333333333334,7786
101.413,32.6814,4350,0.6103,-9999,2924,-1.6333333333333333,8461
100.31,32.7238,4335,0.7218,1804.45,2860,-1.825,7742
101.46,32.7687,3469,0.7252,2148.1,2953,2.55,8185
103.029,32.813,3750,0.79,2435.13,3005,0.475,8746
103.24,32.8348,3934,0.7473,-9999,3058,-0.8916666666666666,8843
101.562,32.8798,4003,0.6791,2036.07,2944,-0.5666666666666667,8538
100.33,32.9944,4269,0.6706,-9999,2879,-2.3583333333333334,7743
102.608,33.0257,3462,0.698,2277.09,3139,2.8833333333333333,8399
103.484,33.123,3923,0.6782,2332.7,3017,-1.2666666666666666,8730
102.645,33.1485,3451,0.7987,2260.87,3298,3.058333333333333,8272
103.218,33.1779,3625,0.6048,2125.69,2978,1.1583333333333334,8255
102.785,33.1996,3482,0.8275,2242.7,3096,2.566666666666667,8202
101.257,33.2342,4734,0.2523,1254.97,2774,-5.05,9016
100.885,33.3107,4364,0.4782,1533.49,2861,-3.9583333333333335,8350
101.53,33.3567,3851,0.7174,2161.76,2996,-0.25,8835
101.789,33.3968,3621,0.796,2361.33,2840,1.3083333333333331,8810
104.111,33.4696,2915,0.8886,-9999,2987,4.116666666666666,7371
101.995,33.5201,3600,0.7949,2327.08,2928,2.1333333333333333,8565
102.542,33.5819,3611,0.8198,2318.5,3057,2.441666666666667,8230
101.652,33.6251,3824,0.8202,2393.2,2913,-0.19166666666666668,8529
102.007,33.7088,3754,0.8175,2375.7,3083,1.1666666666666663,8397
102.475,33.7584,3434,0.7865,2188.52,3168,2.6083333333333334,8102
100.4,33.7995,4078,0.6849,1803.49,2908,-1.2166666666666666,7228
102.136,33.8382,3432,0.78,2260.1,3081,2.333333333333333,8026
102.301,33.8638,3432,0.7674,2232.36,3086,2.7,7960
101.784,33.8705,3693,0.7795,2303.12,3109,0.6333333333333333,8016
103.068,33.874,3794,0.7531,2157.07,3049,0.3416666666666667,8186
101.936,33.8901,3538,0.7974,2352.05,3068,1.3166666666666669,8144
101.592,33.9012,3777,0.7954,2250.7,2979,-0.01666666666666666,8074
100.032,33.9276,4167,0.5884,1700.47,2749,-1.8166666666666669,6479
101.09,34.0354,4161,0.7559,1686.79,2899,-1.6416666666666668,7768
100.331,34.0823,4415,0.6707,1673.37,2936,-4.133333333333334,7178
102.274,34.0886,3694,0.7238,1943.72,2956,0.95,7877
103.458,34.2134,3980,0.5875,1331.24,3000,-2.666666666666667,8016
100.692,34.2861,4437,0.392,1181.17,2647,-4.583333333333334,7290
102.975,34.2981,3957,0.4969,1367.53,2866,-1.575,8114
103.455,34.3803,3481,0.803,-9999,2997,1.925,7643
103.162,34.4079,3560,0.7487,2055.91,2946,0.8916666666666666,7807
100.791,34.4658,4201,0.7134,1627.59,2897,-1.8333333333333333,6789
99.824700000000007,34.478,4037,0.7279,1717.1,2662,-2.3833333333333333,5372
100.687,34.4885,3644,0.7405,1653.63,2870,0.00833333333333333,6486
103.451,34.537,3178,0.8553,2359.59,2890,2.7583333333333333,7170
102.106,34.5955,3531,0.8061,2257.81,2785,1.125,7369
101.043,34.6689,4001,0.7278,1741.51,2801,-1.4583333333333337,6721
101.208,34.6714,3869,0.7366,1952.12,2978,-1.0166666666666666,6999
103.176,34.7126,3108,0.7283,2278.8,2696,2.9916666666666667,7099
103.589,34.8286,2695,0.8481,-9999,2715,3.091666666666667,6907
101.37,34.8402,3807,0.7488,1828.03,2864,-0.6083333333333333,6767
101.492,34.8782,3622,0.7422,1848.73,2795,0.19166666666666668,6696
101.036,34.8898,4305,0.6127,1381.14,2714,-3.6333333333333337,6643
99.8028,34.9249,4340,0.5684,1326.61,2635,-4.2,5231
102.559,34.9357,4033,0.7177,1890.56,2993,-1.7,7717
102.035,35.0441,3555,0.7439,2190.7,2947,0.4916666666666667,6987
102.076,35.0591,3802,0.7488,2128.23,2915,-0.01666666666666666,7111
102.608,35.1105,3791,0.7423,2309.84,2840,-0.6666666666666667,7248
102.777,35.1834,3361,0.7668,2323.18,2819,0.625,6999
100.998,35.2917,3538,0.6282,1842,2444,0.6916666666666667,5562
102.3,35.3533,3746,0.7151,1896.03,2693,-0.4916666666666667,6765
101.871,35.3817,3312,0.7178,2072.22,2630,1.1083333333333334,6410
101.409,35.418,4074,0.6573,-9999,2648,-2.933333333333333,6145
100.379,35.4223,4172,0.5614,1394.92,2639,-3.2416666666666663,5213
100.633,35.4437,3666,0.6911,1787.11,2229,-1,5185
102.581,35.4623,3628,0.6607,1709.31,2872,0.31666666666666665,6545
102.418,35.4663,3301,0.7212,2307.17,2702,1.6583333333333332,6196
101.457,35.5202,4071,0.6086,1261.81,2754,-4.916666666666666,6243
102.366,35.5254,3566,0.7672,1911.55,2707,0.325,6183
101.829,35.5414,3889,0.7098,1472.56,2566,-2.5083333333333333,6387
100.913,35.5927,3224,0.4151,1091.88,2205,2.458333333333333,4810
99.9271,35.598,3366,0.5489,1224.61,2402,2.25,3785
101.385,35.6047,3846,0.7196,1629.78,2598,-2.075,5668
102.547,35.63,4127,0.536,-9999,2789,-3.4833333333333334,6637
102.211,35.6925,3233,0.6534,1385.04,2511,1.7583333333333333,5484
102.042,35.7356,2903,0.5057,1497.48,2259,5.025,4860
101.229,35.7385,3364,0.6283,1590.1,2336,0.525,4859
100.839,35.8184,3196,0.4475,-9999,2270,2.475,4406
100.169,35.8369,3165,0.4861,1316.08,2212,2.683333333333333,3854
100.464,35.8398,2591,0.1184,843.265,2271,6.183333333333334,3788
101.838,35.847,3835,0.6965,1795.03,2704,-1.6666666666666667,5598
100.09,35.8599,3187,0.5986,1627.7,2191,1.9333333333333331,3772
100.693,35.8916,3111,0.4141,1004.26,2234,2.975,4086
100.895,35.9387,2661,0.4461,1258.6,2281,4.925,4030
99.9913,35.9653,3419,0.5406,1156.32,2089,1.7166666666666668,3732
102.152,35.9702,2898,0.5367,1417.83,2346,3.7416666666666663,4685
101.564,36.03,2746,0.5909,1571.65,2307,4.183333333333334,4454
102,36.2445,3085,0.7046,1957.36,2410,1.525,4829
101.256,36.2595,3728,0.6624,1886.04,2409,-1.7416666666666667,4947
102.36,36.2963,2763,0.6047,1651.45,2423,2.275,4471
102.197,36.3227,3300,0.7269,1981.13,2475,0.125,4892
100.054,36.3556,2985,0.1694,715.89,2077,3.7166666666666663,3347
100.095,36.5574,3469,0.7421,1704.55,2184,-0.625,3672
102.364,36.5887,2522,0.5919,-9999,2199,4.616666666666666,3905
101.533,36.6371,2390,0.4439,-9999,2173,4.808333333333334,3953
99.8928,36.6492,3347,0.7439,1611.99,2164,0.5833333333333333,3348
101.645,36.7316,2605,0.4738,-9999,2163,4.358333333333333,4261
101.783,36.9927,2909,0.8114,-9999,2078,1.325,4302
100.701,37.2662,3444,0.6539,1875.26,1835,-1.3916666666666666,4235
102.461,37.3659,2999,0.7103,-9999,2365,-1.8916666666666668,4211
102.238,37.3727,3441,0.5337,2008.65,2273,-4.091666666666667,4673
100.693,37.3762,3957,0.472,1306.11,2433,-5.516666666666667,4520
100.162,37.5929,3989,0.5431,-9999,2232,-5.733333333333333,4031
100.073,37.6021,3829,0.5952,1676.39,2011,-5.241666666666666,3913
101.102,37.6867,3419,0.7284,2863.15,2167,-3.1333333333333333,4046
100.723,37.8797,4019,0.448,1206.16,2200,-6.133333333333334,4506
100.218,37.9153,3584,0.6437,1784.95,1940,-4.983333333333333,3782
99.9216,37.9487,3756,0.597,1256.07,2224,-5.125,3655
100.254,38.0367,3760,0.4888,1009.53,2269,-6.133333333333334,4244
100.156,38.0479,4182,0.164,-9999,2069,-8.433333333333334,4214
100.673,38.1668,3689,0.6265,1517.04,2108,-4.991666666666666,4159
99.8912,38.1692,3769,0.1131,992.555,2130,-6.416666666666667,3818
100.052,38.1996,3081,0.6339,-9999,1736,-2.925,3580
99.8484,38.6869,3167,0.6598,1503.1,1953,-4.008333333333334,3680
100.063,37.1617,3194,0.2869,-9999,1931,-0.675,3410
